Altitude_km,Mach_0.073,Mach_0.074,Mach_0.075,Mach_0.076,Mach_0.077,Mach_0.078,Mach_0.079,Mach_0.080,Mach_0.081,Mach_0.082,Mach_0.083,Mach_0.084,Mach_0.085,Mach_0.086,Mach_0.087,Mach_0.088,Mach_0.089,Mach_0.090,Mach_0.091,Mach_0.092,Mach_0.093,Mach_0.094,Mach_0.095,Mach_0.096,Mach_0.097,Mach_0.098,Mach_0.099,Mach_0.100,Mach_0.101,Mach_0.102,Mach_0.103,Mach_0.104,Mach_0.105,Mach_0.106,Mach_0.107,Mach_0.108,Mach_0.109,Mach_0.110,Mach_0.111,Mach_0.112,Mach_0.113,Mach_0.114,Mach_0.115,Mach_0.116,Mach_0.117,Mach_0.118,Mach_0.119,Mach_0.120,Mach_0.121,Mach_0.122,Mach_0.123,Mach_0.124,Mach_0.125,Mach_0.126,Mach_0.127,Mach_0.128,Mach_0.129,Mach_0.130,Mach_0.131,Mach_0.132,Mach_0.133,Mach_0.134,Mach_0.135,Mach_0.136,Mach_0.137,Mach_0.138,Mach_0.139,Mach_0.140,Mach_0.141,Mach_0.142,Mach_0.143,Mach_0.144,Mach_0.145,Mach_0.146,Mach_0.147,Mach_0.148,Mach_0.149,Mach_0.150,Mach_0.151,Mach_0.152,Mach_0.153,Mach_0.154,Mach_0.155,Mach_0.156,Mach_0.157,Mach_0.158,Mach_0.159,Mach_0.160,Mach_0.161,Mach_0.162,Mach_0.163,Mach_0.164,Mach_0.165,Mach_0.166,Mach_0.167,Mach_0.168,Mach_0.169,Mach_0.170,Mach_0.171,Mach_0.172,Mach_0.173,Mach_0.174,Mach_0.175,Mach_0.176,Mach_0.177,Mach_0.178,Mach_0.179,Mach_0.180,Mach_0.181,Mach_0.182,Mach_0.183,Mach_0.184,Mach_0.185,Mach_0.186,Mach_0.187,Mach_0.188,Mach_0.189,Mach_0.190,Mach_0.191,Mach_0.192,Mach_0.193,Mach_0.194,Mach_0.195,Mach_0.196,Mach_0.197,Mach_0.198,Mach_0.199,Mach_0.200,Mach_0.201,Mach_0.202,Mach_0.203,Mach_0.204,Mach_0.205,Mach_0.206,Mach_0.207,Mach_0.208,Mach_0.209,Mach_0.210,Mach_0.211,Mach_0.212,Mach_0.213,Mach_0.214,Mach_0.215,Mach_0.216,Mach_0.217,Mach_0.218,Mach_0.219,Mach_0.220,Mach_0.221,Mach_0.222,Mach_0.223,Mach_0.224,Mach_0.225,Mach_0.226,Mach_0.227,Mach_0.228,Mach_0.229,Mach_0.230,Mach_0.231,Mach_0.232,Mach_0.233,Mach_0.234,Mach_0.235,Mach_0.236,Mach_0.237,Mach_0.238,Mach_0.239,Mach_0.240,Mach_0.241,Mach_0.242,Mach_0.243,Mach_0.244,Mach_0.245,Mach_0.246,Mach_0.247,Mach_0.248,Mach_0.249
0.0,,1.38812,1.35135,1.31602,1.28206,1.2494,1.21797,1.18771,1.15857,1.13048,1.1034,1.07729,1.05209,1.02776,1.00427,0.98158,0.95965,0.93844,0.91793,0.89808,0.87887,0.86027,0.84225,0.8248,0.80788,0.79148,0.77557,0.76013,0.74516,0.73062,0.7165,0.70279,0.68946,0.67652,0.66393,0.65169,0.63979,0.62821,0.61694,0.60597,0.5953,0.5849,0.57477,0.5649,0.55529,0.54592,0.53678,0.52787,0.51918,0.51071,0.50244,0.49436,0.48649,0.47879,0.47128,0.46395,0.45678,0.44978,0.44294,0.43626,0.42972,0.42333,0.41708,0.41097,0.40499,0.39915,0.39342,0.38782,0.38234,0.37698,0.37172,0.36658,0.36154,0.3566,0.35177,0.34703,0.34239,0.33784,0.33338,0.32901,0.32472,0.32052,0.31639,0.31235,0.30838,0.30449,0.30067,0.29693,0.29325,0.28964,0.2861,0.28262,0.2792,0.27585,0.27256,0.26932,0.26614,0.26302,0.25996,0.25694,0.25398,0.25107,0.24821,0.24539,0.24263,0.23991,0.23724,0.23461,0.23202,0.22948,0.22698,0.22452,0.2221,0.21972,0.21737,0.21507,0.2128,0.21056,0.20836,0.2062,0.20407,0.20197,0.1999,0.19787,0.19587,0.19389,0.19195,0.19003,0.18815,0.18629,0.18446,0.18265,0.18088,0.17912,0.1774,0.1757,0.17402,0.17237,0.17074,0.16913,0.16754,0.16598,0.16444,0.16292,0.16143,0.15995,0.15849,0.15705,0.15563,0.15424,0.15286,0.15149,0.15015,0.14882,0.14752,0.14622,0.14495,0.14369,0.14245,0.14123,0.14002,0.13882,0.13764,0.13648,0.13533,0.1342,0.13307,0.13197,0.13087,0.1298,0.12873,0.12768,0.12664,0.12561,0.12459,0.12359,0.1226
0.25,,,1.39212,1.35573,1.32074,1.2871,1.25472,1.22355,1.19352,1.16459,1.1367,1.10979,1.08383,1.05877,1.03457,1.01119,0.9886,0.96675,0.94562,0.92518,0.90539,0.88623,0.86767,0.84968,0.83226,0.81536,0.79897,0.78307,0.76764,0.75266,0.73812,0.72399,0.71027,0.69693,0.68396,0.67136,0.65909,0.64716,0.63556,0.62426,0.61326,0.60255,0.59211,0.58195,0.57204,0.56239,0.55298,0.5438,0.53485,0.52611,0.51759,0.50928,0.50116,0.49324,0.4855,0.47795,0.47057,0.46335,0.45631,0.44942,0.44269,0.4361,0.42967,0.42337,0.41721,0.41119,0.40529,0.39953,0.39388,0.38835,0.38294,0.37764,0.37245,0.36736,0.36238,0.3575,0.35272,0.34803,0.34344,0.33893,0.33452,0.33019,0.32594,0.32177,0.31769,0.31368,0.30975,0.30589,0.3021,0.29838,0.29473,0.29115,0.28763,0.28417,0.28078,0.27745,0.27417,0.27096,0.2678,0.26469,0.26164,0.25864,0.2557,0.2528,0.24995,0.24715,0.2444,0.24169,0.23902,0.23641,0.23383,0.23129,0.2288,0.22635,0.22393,0.22156,0.21922,0.21692,0.21465,0.21242,0.21023,0.20806,0.20594,0.20384,0.20178,0.19974,0.19774,0.19577,0.19382,0.19191,0.19002,0.18817,0.18633,0.18453,0.18275,0.181,0.17927,0.17757,0.17589,0.17423,0.1726,0.17099,0.1694,0.16784,0.1663,0.16477,0.16327,0.16179,0.16033,0.15889,0.15747,0.15606,0.15468,0.15331,0.15197,0.15064,0.14932,0.14803,0.14675,0.14549,0.14424,0.14301,0.1418,0.1406,0.13941,0.13824,0.13709,0.13595,0.13482,0.13371,0.13261,0.13153,0.13046,0.1294,0.12835,0.12732,0.1263
0.5,,,,1.39687,1.36082,1.32615,1.29279,1.26067,1.22974,1.19993,1.17119,1.14347,1.11672,1.0909,1.06597,1.04188,1.0186,0.99609,0.97432,0.95325,0.93286,0.91312,0.894,0.87547,0.85751,0.8401,0.82321,0.80683,0.79093,0.7755,0.76052,0.74596,0.73182,0.71808,0.70472,0.69173,0.67909,0.6668,0.65484,0.6432,0.63187,0.62083,0.61008,0.59961,0.5894,0.57945,0.56976,0.5603,0.55108,0.54208,0.5333,0.52473,0.51637,0.50821,0.50024,0.49245,0.48485,0.47742,0.47015,0.46306,0.45612,0.44934,0.44271,0.43622,0.42987,0.42367,0.41759,0.41165,0.40583,0.40013,0.39456,0.3891,0.38375,0.37851,0.37338,0.36835,0.36342,0.35859,0.35386,0.34922,0.34467,0.34021,0.33583,0.33154,0.32733,0.3232,0.31915,0.31517,0.31127,0.30743,0.30367,0.29998,0.29636,0.2928,0.2893,0.28587,0.28249,0.27918,0.27592,0.27273,0.26958,0.26649,0.26346,0.26047,0.25754,0.25465,0.25181,0.24902,0.24628,0.24358,0.24092,0.23831,0.23574,0.23322,0.23073,0.22828,0.22587,0.2235,0.22116,0.21887,0.21661,0.21438,0.21218,0.21002,0.2079,0.2058,0.20374,0.20171,0.19971,0.19773,0.19579,0.19388,0.19199,0.19013,0.1883,0.18649,0.18471,0.18296,0.18123,0.17952,0.17784,0.17618,0.17454,0.17293,0.17134,0.16977,0.16823,0.1667,0.1652,0.16371,0.16225,0.1608,0.15937,0.15797,0.15658,0.15521,0.15386,0.15252,0.1512,0.1499,0.14862,0.14735,0.1461,0.14486,0.14364,0.14244,0.14125,0.14007,0.13891,0.13777,0.13664,0.13552,0.13442,0.13333,0.13225,0.13118,0.13013
0.75,,,,,1.40236,1.36663,1.33225,1.29915,1.26727,1.23655,1.20694,1.17837,1.15081,1.1242,1.0985,1.07368,1.04969,1.02649,1.00406,0.98235,0.96133,0.94099,0.92128,0.90219,0.88368,0.86574,0.84834,0.83146,0.81507,0.79917,0.78373,0.76873,0.75416,0.73999,0.72623,0.71284,0.69982,0.68716,0.67483,0.66283,0.65115,0.63978,0.6287,0.61791,0.60739,0.59714,0.58715,0.5774,0.5679,0.55863,0.54958,0.54075,0.53213,0.52372,0.5155,0.50748,0.49964,0.49199,0.4845,0.47719,0.47004,0.46305,0.45622,0.44953,0.443,0.4366,0.43034,0.42421,0.41822,0.41235,0.4066,0.40097,0.39546,0.39006,0.38477,0.37959,0.37451,0.36954,0.36466,0.35988,0.35519,0.35059,0.34608,0.34166,0.33732,0.33306,0.32889,0.32479,0.32077,0.31682,0.31294,0.30914,0.3054,0.30173,0.29813,0.29459,0.29112,0.2877,0.28435,0.28105,0.27781,0.27463,0.2715,0.26842,0.2654,0.26242,0.2595,0.25662,0.2538,0.25101,0.24828,0.24559,0.24294,0.24033,0.23777,0.23525,0.23276,0.23032,0.22792,0.22555,0.22322,0.22092,0.21866,0.21644,0.21424,0.21208,0.20996,0.20786,0.2058,0.20377,0.20177,0.19979,0.19785,0.19593,0.19404,0.19218,0.19035,0.18854,0.18676,0.185,0.18327,0.18156,0.17987,0.17821,0.17657,0.17496,0.17336,0.17179,0.17024,0.16871,0.1672,0.16571,0.16424,0.16279,0.16136,0.15994,0.15855,0.15718,0.15582,0.15448,0.15315,0.15185,0.15056,0.14929,0.14803,0.14679,0.14556,0.14435,0.14315,0.14197,0.14081,0.13966,0.13852,0.13739,0.13628,0.13519,0.1341
1.0,,,,,,1.40859,1.37315,1.33904,1.30618,1.27451,1.24399,1.21455,1.18614,1.15871,1.13223,1.10664,1.08191,1.058,1.03488,1.0125,0.99085,0.96988,0.94957,0.92989,0.91081,0.89232,0.87438,0.85698,0.8401,0.82371,0.80779,0.79233,0.77731,0.76271,0.74852,0.73473,0.72131,0.70825,0.69555,0.68318,0.67114,0.65942,0.648,0.63688,0.62604,0.61547,0.60517,0.59513,0.58533,0.57578,0.56645,0.55735,0.54847,0.5398,0.53133,0.52306,0.51498,0.50709,0.49938,0.49184,0.48447,0.47727,0.47022,0.46333,0.4566,0.45,0.44355,0.43724,0.43106,0.42501,0.41908,0.41328,0.4076,0.40204,0.39659,0.39125,0.38601,0.38088,0.37585,0.37092,0.36609,0.36135,0.35671,0.35215,0.34767,0.34329,0.33898,0.33476,0.33061,0.32654,0.32255,0.31863,0.31478,0.311,0.30728,0.30364,0.30005,0.29653,0.29308,0.28968,0.28634,0.28306,0.27983,0.27666,0.27354,0.27048,0.26746,0.2645,0.26159,0.25872,0.2559,0.25313,0.2504,0.24771,0.24507,0.24247,0.23991,0.23739,0.23491,0.23247,0.23007,0.2277,0.22537,0.22308,0.22082,0.2186,0.2164,0.21425,0.21212,0.21002,0.20796,0.20593,0.20392,0.20195,0.2,0.19808,0.19619,0.19433,0.19249,0.19068,0.18889,0.18713,0.18539,0.18368,0.18199,0.18033,0.17868,0.17706,0.17546,0.17389,0.17233,0.1708,0.16928,0.16779,0.16631,0.16486,0.16342,0.162,0.1606,0.15922,0.15786,0.15651,0.15518,0.15387,0.15257,0.15129,0.15003,0.14878,0.14755,0.14633,0.14513,0.14394,0.14277,0.14161,0.14047,0.13934,0.13822
1.25,,,,,,,,1.38039,1.34651,1.31387,1.2824,1.25205,1.22277,1.19449,1.16719,1.14082,1.11532,1.09068,1.06684,1.04377,1.02145,0.99983,0.97889,0.9586,0.93894,0.91987,0.90139,0.88345,0.86604,0.84914,0.83273,0.8168,0.80131,0.78627,0.77164,0.75741,0.74358,0.73012,0.71703,0.70428,0.69187,0.67978,0.66801,0.65655,0.64537,0.63448,0.62386,0.61351,0.60341,0.59356,0.58394,0.57456,0.56541,0.55647,0.54774,0.53921,0.53089,0.52275,0.5148,0.50703,0.49943,0.49201,0.48475,0.47764,0.4707,0.4639,0.45725,0.45074,0.44437,0.43813,0.43202,0.42605,0.42019,0.41445,0.40883,0.40333,0.39793,0.39264,0.38746,0.38238,0.3774,0.37251,0.36772,0.36302,0.35841,0.35389,0.34945,0.3451,0.34082,0.33663,0.33251,0.32847,0.3245,0.3206,0.31677,0.31301,0.30932,0.30569,0.30213,0.29862,0.29518,0.2918,0.28847,0.2852,0.28199,0.27883,0.27572,0.27267,0.26966,0.26671,0.2638,0.26094,0.25813,0.25536,0.25264,0.24996,0.24732,0.24472,0.24217,0.23965,0.23717,0.23473,0.23233,0.22997,0.22764,0.22535,0.22309,0.22086,0.21867,0.21651,0.21438,0.21229,0.21022,0.20818,0.20618,0.2042,0.20225,0.20033,0.19843,0.19657,0.19473,0.19291,0.19112,0.18935,0.18761,0.1859,0.1842,0.18253,0.18088,0.17926,0.17765,0.17607,0.17451,0.17297,0.17145,0.16995,0.16847,0.167,0.16556,0.16414,0.16273,0.16134,0.15997,0.15862,0.15728,0.15596,0.15466,0.15338,0.15211,0.15085,0.14961,0.14839,0.14718,0.14599,0.14481,0.14364,0.14249
1.5,,,,,,,,,1.38834,1.35469,1.32224,1.29094,1.26075,1.2316,1.20345,1.17625,1.14997,1.12456,1.09998,1.07619,1.05317,1.03089,1.0093,0.98838,0.96811,0.94845,0.92939,0.91089,0.89294,0.87552,0.8586,0.84217,0.8262,0.81069,0.79561,0.78094,0.76668,0.7528,0.7393,0.72616,0.71336,0.7009,0.68876,0.67694,0.66542,0.65419,0.64324,0.63256,0.62215,0.61199,0.60208,0.59241,0.58297,0.57375,0.56475,0.55596,0.54738,0.53899,0.53079,0.52278,0.51495,0.50729,0.4998,0.49248,0.48532,0.47831,0.47145,0.46474,0.45817,0.45174,0.44544,0.43928,0.43324,0.42733,0.42153,0.41586,0.41029,0.40484,0.3995,0.39426,0.38912,0.38408,0.37914,0.3743,0.36954,0.36488,0.36031,0.35582,0.35141,0.34709,0.34284,0.33867,0.33458,0.33056,0.32661,0.32274,0.31893,0.31519,0.31151,0.3079,0.30435,0.30086,0.29743,0.29406,0.29075,0.28749,0.28429,0.28114,0.27804,0.27499,0.272,0.26905,0.26615,0.26329,0.26049,0.25772,0.255,0.25232,0.24969,0.24709,0.24454,0.24203,0.23955,0.23711,0.23471,0.23235,0.23002,0.22772,0.22546,0.22324,0.22104,0.21888,0.21675,0.21465,0.21258,0.21054,0.20853,0.20655,0.2046,0.20267,0.20077,0.1989,0.19706,0.19524,0.19344,0.19167,0.18992,0.1882,0.1865,0.18482,0.18317,0.18154,0.17993,0.17834,0.17677,0.17523,0.1737,0.17219,0.1707,0.16923,0.16779,0.16635,0.16494,0.16355,0.16217,0.16081,0.15947,0.15814,0.15683,0.15554,0.15426,0.153,0.15175,0.15052,0.1493,0.1481,0.14692
1.75,,,,,,,,,,1.39702,1.36356,1.33128,1.30014,1.27008,1.24105,1.21301,1.1859,1.1597,1.13435,1.10982,1.08608,1.0631,1.04083,1.01926,0.99836,0.97809,0.95843,0.93935,0.92084,0.90288,0.88543,0.86849,0.85202,0.83602,0.82047,0.80534,0.79064,0.77633,0.7624,0.74885,0.73565,0.7228,0.71029,0.69809,0.68621,0.67463,0.66334,0.65233,0.64159,0.63112,0.6209,0.61092,0.60119,0.59168,0.5824,0.57334,0.56448,0.55583,0.54738,0.53911,0.53104,0.52314,0.51542,0.50787,0.50048,0.49325,0.48618,0.47926,0.47249,0.46586,0.45936,0.45301,0.44678,0.44068,0.4347,0.42885,0.42311,0.41749,0.41198,0.40658,0.40128,0.39608,0.39099,0.38599,0.38109,0.37628,0.37157,0.36693,0.36239,0.35793,0.35355,0.34925,0.34503,0.34089,0.33682,0.33282,0.32889,0.32504,0.32125,0.31752,0.31386,0.31026,0.30673,0.30325,0.29984,0.29648,0.29317,0.28992,0.28673,0.28359,0.2805,0.27746,0.27446,0.27152,0.26862,0.26577,0.26297,0.26021,0.25749,0.25482,0.25218,0.24959,0.24704,0.24452,0.24205,0.23961,0.2372,0.23484,0.23251,0.23021,0.22795,0.22572,0.22352,0.22136,0.21922,0.21712,0.21505,0.21301,0.21099,0.20901,0.20705,0.20512,0.20321,0.20134,0.19948,0.19766,0.19586,0.19408,0.19233,0.1906,0.18889,0.18721,0.18555,0.18391,0.1823,0.1807,0.17913,0.17757,0.17604,0.17452,0.17303,0.17155,0.1701,0.16866,0.16724,0.16583,0.16445,0.16308,0.16173,0.1604,0.15908,0.15778,0.15649,0.15522,0.15397,0.15273,0.15151
2.0,,,,,,,,,,,1.40642,1.37313,1.34101,1.31001,1.28007,1.25114,1.22318,1.19615,1.17001,1.14471,1.12022,1.09652,1.07355,1.0513,1.02974,1.00883,0.98855,0.96888,0.94979,0.93126,0.91326,0.89579,0.8788,0.8623,0.84626,0.83066,0.81549,0.80073,0.78637,0.77239,0.75878,0.74552,0.73261,0.72004,0.70778,0.69584,0.68419,0.67283,0.66176,0.65096,0.64041,0.63013,0.62008,0.61028,0.60071,0.59136,0.58223,0.5733,0.56458,0.55606,0.54773,0.53959,0.53162,0.52383,0.51621,0.50876,0.50147,0.49433,0.48734,0.4805,0.4738,0.46725,0.46082,0.45453,0.44837,0.44233,0.43641,0.43061,0.42493,0.41936,0.41389,0.40854,0.40328,0.39813,0.39307,0.38811,0.38324,0.37847,0.37378,0.36918,0.36467,0.36023,0.35588,0.3516,0.34741,0.34328,0.33923,0.33525,0.33134,0.3275,0.32373,0.32002,0.31637,0.31278,0.30926,0.3058,0.30239,0.29904,0.29574,0.2925,0.28931,0.28618,0.28309,0.28006,0.27707,0.27413,0.27124,0.26839,0.26559,0.26283,0.26011,0.25743,0.2548,0.25221,0.24965,0.24714,0.24466,0.24222,0.23982,0.23745,0.23511,0.23281,0.23055,0.22832,0.22612,0.22395,0.22181,0.2197,0.21762,0.21558,0.21356,0.21156,0.2096,0.20766,0.20576,0.20387,0.20201,0.20018,0.19837,0.19659,0.19483,0.1931,0.19138,0.18969,0.18803,0.18638,0.18476,0.18315,0.18157,0.18001,0.17847,0.17695,0.17544,0.17396,0.17249,0.17105,0.16962,0.16821,0.16682,0.16544,0.16408,0.16274,0.16141,0.1601,0.15881,0.15753,0.15627
2.25,,,,,,,,,,,,,1.38342,1.35143,1.32055,1.2907,1.26186,1.23398,1.20701,1.18091,1.15565,1.13119,1.1075,1.08455,1.0623,1.04073,1.01982,0.99952,0.97983,0.96071,0.94214,0.92411,0.9066,0.88957,0.87302,0.85693,0.84128,0.82605,0.81123,0.79681,0.78277,0.7691,0.75578,0.74281,0.73016,0.71784,0.70583,0.69411,0.68269,0.67154,0.66067,0.65005,0.63969,0.62958,0.6197,0.61006,0.60064,0.59143,0.58244,0.57365,0.56505,0.55665,0.54843,0.5404,0.53254,0.52485,0.51732,0.50996,0.50275,0.4957,0.48879,0.48202,0.4754,0.46891,0.46255,0.45632,0.45021,0.44423,0.43837,0.43262,0.42698,0.42145,0.41603,0.41072,0.4055,0.40039,0.39536,0.39044,0.3856,0.38086,0.3762,0.37162,0.36713,0.36272,0.35839,0.35414,0.34996,0.34586,0.34182,0.33786,0.33396,0.33014,0.32637,0.32268,0.31904,0.31547,0.31195,0.30849,0.30509,0.30175,0.29846,0.29523,0.29204,0.28891,0.28583,0.2828,0.27981,0.27688,0.27398,0.27114,0.26834,0.26558,0.26286,0.26018,0.25755,0.25495,0.2524,0.24988,0.2474,0.24496,0.24255,0.24018,0.23784,0.23554,0.23327,0.23103,0.22882,0.22665,0.22451,0.22239,0.22031,0.21826,0.21623,0.21423,0.21226,0.21032,0.2084,0.20651,0.20465,0.20281,0.20099,0.1992,0.19744,0.19569,0.19397,0.19227,0.1906,0.18895,0.18731,0.1857,0.18411,0.18254,0.18099,0.17946,0.17795,0.17646,0.17498,0.17353,0.17209,0.17067,0.16927,0.16789,0.16652,0.16517,0.16383,0.16251,0.16121
2.5,,,,,,,,,,,,,,1.39443,1.36256,1.33177,1.30201,1.27324,1.24541,1.21848,1.19242,1.16718,1.14274,1.11905,1.0961,1.07385,1.05226,1.03132,1.011,0.99127,0.97212,0.95351,0.93544,0.91787,0.9008,0.88419,0.86804,0.85233,0.83704,0.82216,0.80768,0.79357,0.77983,0.76644,0.75339,0.74068,0.72828,0.7162,0.70441,0.69291,0.68168,0.67073,0.66005,0.64961,0.63942,0.62947,0.61975,0.61025,0.60097,0.5919,0.58303,0.57436,0.56588,0.55759,0.54948,0.54155,0.53378,0.52618,0.51875,0.51147,0.50434,0.49736,0.49052,0.48382,0.47726,0.47084,0.46454,0.45836,0.45231,0.44638,0.44057,0.43486,0.42927,0.42378,0.4184,0.41312,0.40794,0.40286,0.39787,0.39297,0.38817,0.38345,0.37881,0.37426,0.36979,0.36541,0.36109,0.35686,0.3527,0.34861,0.34459,0.34064,0.33676,0.33294,0.32919,0.3255,0.32188,0.31831,0.3148,0.31135,0.30796,0.30462,0.30134,0.2981,0.29492,0.2918,0.28872,0.28568,0.2827,0.27976,0.27687,0.27403,0.27122,0.26846,0.26574,0.26307,0.26043,0.25783,0.25527,0.25275,0.25027,0.24782,0.24541,0.24303,0.24069,0.23838,0.2361,0.23386,0.23165,0.22947,0.22732,0.2252,0.22311,0.22105,0.21902,0.21701,0.21503,0.21308,0.21116,0.20926,0.20739,0.20554,0.20372,0.20192,0.20014,0.19839,0.19666,0.19496,0.19327,0.19161,0.18997,0.18835,0.18675,0.18517,0.18361,0.18207,0.18055,0.17905,0.17757,0.1761,0.17466,0.17323,0.17182,0.17042,0.16904,0.16768,0.16634
2.75,,,,,,,,,,,,,,,,1.3744,1.34368,1.31399,1.28527,1.25748,1.23058,1.20454,1.17932,1.15487,1.13119,1.10822,1.08594,1.06433,1.04336,1.023,1.00324,0.98403,0.96538,0.94725,0.92963,0.91249,0.89583,0.87961,0.86384,0.84848,0.83353,0.81897,0.80479,0.79097,0.77751,0.76439,0.75159,0.73912,0.72695,0.71508,0.7035,0.6922,0.68117,0.6704,0.65989,0.64962,0.63958,0.62978,0.6202,0.61084,0.60169,0.59274,0.584,0.57544,0.56707,0.55888,0.55087,0.54303,0.53535,0.52784,0.52048,0.51328,0.50622,0.49931,0.49254,0.48591,0.47941,0.47304,0.46679,0.46067,0.45467,0.44878,0.44301,0.43735,0.4318,0.42635,0.421,0.41575,0.41061,0.40555,0.40059,0.39572,0.39094,0.38624,0.38163,0.3771,0.37265,0.36828,0.36399,0.35977,0.35562,0.35154,0.34754,0.3436,0.33973,0.33592,0.33218,0.3285,0.32488,0.32132,0.31782,0.31437,0.31098,0.30765,0.30436,0.30114,0.29796,0.29483,0.29175,0.28872,0.28573,0.2828,0.2799,0.27705,0.27425,0.27149,0.26876,0.26608,0.26344,0.26084,0.25828,0.25575,0.25326,0.25081,0.24839,0.24601,0.24366,0.24135,0.23906,0.23681,0.23459,0.23241,0.23025,0.22812,0.22603,0.22396,0.22192,0.2199,0.21792,0.21596,0.21403,0.21212,0.21024,0.20838,0.20655,0.20474,0.20296,0.2012,0.19946,0.19774,0.19605,0.19438,0.19273,0.1911,0.18949,0.1879,0.18633,0.18478,0.18325,0.18174,0.18025,0.17877,0.17731,0.17588,0.17445,0.17305,0.17166
3.0,,,,,,,,,,,,,,,,,1.38696,1.35631,1.32666,1.29798,1.27021,1.24333,1.2173,1.19207,1.16761,1.14391,1.12092,1.09861,1.07696,1.05595,1.03554,1.01573,0.99647,0.97776,0.95957,0.94188,0.92468,0.90794,0.89166,0.8758,0.86037,0.84534,0.83071,0.81645,0.80255,0.789,0.7758,0.76292,0.75036,0.73811,0.72616,0.7145,0.70311,0.69199,0.68114,0.67054,0.66018,0.65006,0.64018,0.63051,0.62107,0.61183,0.6028,0.59397,0.58533,0.57688,0.56861,0.56051,0.55259,0.54484,0.53724,0.52981,0.52253,0.51539,0.5084,0.50156,0.49485,0.48827,0.48182,0.47551,0.46931,0.46324,0.45728,0.45143,0.4457,0.44008,0.43456,0.42914,0.42383,0.41861,0.41349,0.40847,0.40353,0.39868,0.39392,0.38925,0.38465,0.38014,0.37571,0.37135,0.36707,0.36286,0.35873,0.35466,0.35067,0.34674,0.34288,0.33908,0.33534,0.33167,0.32805,0.32449,0.321,0.31755,0.31417,0.31083,0.30755,0.30432,0.30115,0.29802,0.29494,0.2919,0.28892,0.28598,0.28308,0.28023,0.27742,0.27465,0.27193,0.26924,0.26659,0.26399,0.26142,0.25889,0.25639,0.25393,0.25151,0.24912,0.24676,0.24444,0.24215,0.23989,0.23767,0.23547,0.2333,0.23117,0.22906,0.22699,0.22494,0.22291,0.22092,0.21895,0.21701,0.21509,0.2132,0.21134,0.20949,0.20768,0.20588,0.20411,0.20236,0.20064,0.19893,0.19725,0.19559,0.19395,0.19233,0.19073,0.18915,0.18759,0.18605,0.18453,0.18303,0.18154,0.18007,0.17862,0.17719
3.25,,,,,,,,,,,,,,,,,,1.40026,1.36965,1.34004,1.31137,1.28362,1.25674,1.23069,1.20545,1.18097,1.15724,1.13421,1.11186,1.09016,1.0691,1.04864,1.02876,1.00944,0.99066,0.9724,0.95464,0.93736,0.92055,0.90418,0.88825,0.87274,0.85762,0.8429,0.82855,0.81457,0.80094,0.78764,0.77468,0.76203,0.74969,0.73765,0.72589,0.71442,0.70321,0.69227,0.68157,0.67113,0.66092,0.65095,0.64119,0.63166,0.62234,0.61322,0.6043,0.59557,0.58703,0.57868,0.5705,0.56249,0.55465,0.54698,0.53946,0.53209,0.52488,0.51781,0.51088,0.50409,0.49744,0.49091,0.48452,0.47825,0.47209,0.46606,0.46014,0.45434,0.44864,0.44305,0.43756,0.43218,0.42689,0.4217,0.41661,0.4116,0.40669,0.40186,0.39712,0.39246,0.38788,0.38339,0.37897,0.37462,0.37035,0.36616,0.36203,0.35797,0.35399,0.35006,0.34621,0.34241,0.33868,0.33501,0.3314,0.32784,0.32435,0.32091,0.31752,0.31418,0.3109,0.30767,0.30449,0.30136,0.29828,0.29524,0.29225,0.28931,0.28641,0.28355,0.28074,0.27796,0.27523,0.27254,0.26989,0.26727,0.2647,0.26216,0.25966,0.25719,0.25476,0.25236,0.25,0.24767,0.24537,0.2431,0.24086,0.23866,0.23649,0.23434,0.23222,0.23014,0.22808,0.22605,0.22404,0.22206,0.22011,0.21818,0.21628,0.21441,0.21255,0.21073,0.20892,0.20714,0.20538,0.20364,0.20193,0.20023,0.19856,0.19691,0.19528,0.19367,0.19208,0.19051,0.18896,0.18742,0.18591,0.18441,0.18293
3.5,,,,,,,,,,,,,,,,,,,,1.38373,1.35413,1.32547,1.29771,1.27082,1.24475,1.21948,1.19497,1.17119,1.14811,1.12571,1.10396,1.08283,1.0623,1.04235,1.02296,1.0041,0.98577,0.96792,0.95056,0.93366,0.91721,0.90119,0.88559,0.87038,0.85557,0.84113,0.82705,0.81332,0.79994,0.78688,0.77413,0.7617,0.74956,0.73771,0.72614,0.71484,0.7038,0.69301,0.68247,0.67217,0.6621,0.65225,0.64263,0.63321,0.624,0.61499,0.60617,0.59754,0.5891,0.58083,0.57274,0.56481,0.55705,0.54944,0.54199,0.53469,0.52754,0.52053,0.51366,0.50692,0.50032,0.49384,0.48749,0.48126,0.47515,0.46915,0.46327,0.4575,0.45183,0.44627,0.44081,0.43545,0.43019,0.42502,0.41995,0.41496,0.41007,0.40526,0.40053,0.39589,0.39132,0.38684,0.38243,0.3781,0.37383,0.36965,0.36553,0.36148,0.35749,0.35358,0.34972,0.34593,0.3422,0.33853,0.33492,0.33137,0.32787,0.32443,0.32104,0.3177,0.31442,0.31119,0.308,0.30487,0.30178,0.29874,0.29575,0.2928,0.28989,0.28703,0.28421,0.28143,0.27869,0.27599,0.27333,0.27071,0.26812,0.26558,0.26306,0.26059,0.25815,0.25574,0.25337,0.25103,0.24872,0.24644,0.2442,0.24198,0.2398,0.23764,0.23551,0.23342,0.23135,0.2293,0.22729,0.2253,0.22333,0.2214,0.21948,0.2176,0.21573,0.21389,0.21208,0.21028,0.20851,0.20676,0.20504,0.20333,0.20165,0.19998,0.19834,0.19672,0.19512,0.19353,0.19197,0.19042,0.1889
3.75,,,,,,,,,,,,,,,,,,,,,1.39856,1.36896,1.34029,1.31251,1.28559,1.25949,1.23417,1.20961,1.18578,1.16264,1.14018,1.11835,1.09715,1.07655,1.05652,1.03705,1.01811,0.99968,0.98175,0.9643,0.9473,0.93076,0.91464,0.89894,0.88364,0.86872,0.85419,0.84001,0.82618,0.81269,0.79953,0.78669,0.77415,0.76191,0.74996,0.73829,0.72689,0.71575,0.70486,0.69422,0.68382,0.67365,0.66371,0.65399,0.64447,0.63517,0.62606,0.61715,0.60843,0.59989,0.59153,0.58334,0.57532,0.56747,0.55977,0.55223,0.54485,0.53761,0.53051,0.52355,0.51673,0.51004,0.50348,0.49705,0.49073,0.48454,0.47847,0.4725,0.46665,0.46091,0.45527,0.44974,0.4443,0.43896,0.43372,0.42858,0.42352,0.41855,0.41367,0.40887,0.40416,0.39953,0.39498,0.3905,0.3861,0.38177,0.37752,0.37334,0.36922,0.36518,0.3612,0.35728,0.35343,0.34964,0.34591,0.34224,0.33863,0.33507,0.33157,0.32813,0.32474,0.3214,0.31811,0.31487,0.31168,0.30854,0.30545,0.3024,0.2994,0.29644,0.29353,0.29066,0.28783,0.28504,0.2823,0.27959,0.27692,0.27429,0.27169,0.26914,0.26662,0.26413,0.26168,0.25926,0.25688,0.25453,0.25221,0.24992,0.24766,0.24544,0.24324,0.24107,0.23894,0.23683,0.23474,0.23269,0.23066,0.22866,0.22668,0.22473,0.22281,0.22091,0.21903,0.21718,0.21535,0.21355,0.21176,0.21,0.20826,0.20655,0.20485,0.20317,0.20152,0.19988,0.19827,0.19667,0.1951
4.0,,,,,,,,,,,,,,,,,,,,,,,1.38454,1.35584,1.32803,1.30107,1.27492,1.24955,1.22492,1.20102,1.17782,1.15528,1.13337,1.11209,1.0914,1.07128,1.05172,1.03268,1.01416,0.99613,0.97858,0.96148,0.94484,0.92862,0.91281,0.8974,0.88239,0.86774,0.85346,0.83952,0.82593,0.81266,0.79971,0.78707,0.77472,0.76266,0.75088,0.73938,0.72813,0.71714,0.7064,0.69589,0.68562,0.67558,0.66575,0.65614,0.64673,0.63752,0.62851,0.61969,0.61105,0.6026,0.59431,0.5862,0.57825,0.57046,0.56283,0.55535,0.54802,0.54084,0.53379,0.52688,0.5201,0.51346,0.50694,0.50054,0.49426,0.4881,0.48206,0.47613,0.4703,0.46458,0.45897,0.45346,0.44804,0.44272,0.4375,0.43237,0.42733,0.42237,0.4175,0.41272,0.40801,0.40339,0.39885,0.39438,0.38998,0.38566,0.38141,0.37723,0.37312,0.36908,0.3651,0.36118,0.35733,0.35354,0.34981,0.34613,0.34252,0.33896,0.33546,0.33201,0.32861,0.32527,0.32197,0.31873,0.31553,0.31239,0.30929,0.30623,0.30322,0.30026,0.29733,0.29445,0.29162,0.28882,0.28606,0.28334,0.28066,0.27802,0.27542,0.27285,0.27032,0.26782,0.26536,0.26293,0.26053,0.25817,0.25584,0.25354,0.25127,0.24903,0.24682,0.24464,0.24249,0.24037,0.23828,0.23621,0.23417,0.23215,0.23017,0.2282,0.22626,0.22435,0.22246,0.2206,0.21875,0.21694,0.21514,0.21336,0.21161,0.20988,0.20817,0.20648,0.20481,0.20316,0.20154
4.25,,,,,,,,,,,,,,,,,,,,,,,,1.40089,1.37215,1.34429,1.31727,1.29106,1.26562,1.24093,1.21695,1.19366,1.17103,1.14904,1.12766,1.10687,1.08666,1.06699,1.04785,1.02922,1.01109,0.99343,0.97623,0.95947,0.94314,0.92722,0.9117,0.89657,0.88181,0.86741,0.85337,0.83966,0.82628,0.81321,0.80046,0.788,0.77583,0.76394,0.75232,0.74097,0.72987,0.71901,0.7084,0.69802,0.68787,0.67793,0.66822,0.6587,0.64939,0.64028,0.63136,0.62262,0.61406,0.60568,0.59746,0.58942,0.58153,0.5738,0.56623,0.5588,0.55152,0.54438,0.53738,0.53051,0.52378,0.51717,0.51068,0.50432,0.49807,0.49194,0.48593,0.48002,0.47422,0.46852,0.46293,0.45743,0.45204,0.44673,0.44152,0.4364,0.43137,0.42643,0.42157,0.41679,0.4121,0.40748,0.40294,0.39847,0.39408,0.38977,0.38552,0.38134,0.37723,0.37318,0.3692,0.36528,0.36143,0.35763,0.3539,0.35022,0.3466,0.34304,0.33953,0.33607,0.33267,0.32932,0.32602,0.32276,0.31956,0.3164,0.3133,0.31023,0.30721,0.30424,0.3013,0.29841,0.29557,0.29276,0.28999,0.28726,0.28457,0.28192,0.2793,0.27672,0.27417,0.27166,0.26919,0.26675,0.26434,0.26196,0.25962,0.25731,0.25502,0.25277,0.25055,0.24836,0.24619,0.24406,0.24195,0.23987,0.23781,0.23578,0.23378,0.2318,0.22985,0.22793,0.22602,0.22414,0.22229,0.22045,0.21864,0.21685,0.21509,0.21334,0.21162,0.20991,0.20823
4.5,,,,,,,,,,,,,,,,,,,,,,,,,,1.38924,1.36131,1.33422,1.30793,1.28241,1.25763,1.23356,1.21018,1.18745,1.16536,1.14388,1.12299,1.10266,1.08289,1.06364,1.04489,1.02664,1.00886,0.99155,0.97467,0.95822,0.94218,0.92654,0.91129,0.89641,0.8819,0.86773,0.8539,0.8404,0.82722,0.81435,0.80177,0.78948,0.77747,0.76574,0.75427,0.74305,0.73208,0.72136,0.71087,0.7006,0.69056,0.68073,0.67111,0.66169,0.65246,0.64343,0.63459,0.62593,0.61744,0.60912,0.60097,0.59299,0.58516,0.57749,0.56996,0.56258,0.55535,0.54825,0.54129,0.53446,0.52776,0.52118,0.51473,0.50839,0.50217,0.49607,0.49007,0.48419,0.47841,0.47273,0.46715,0.46167,0.45629,0.451,0.4458,0.44069,0.43566,0.43073,0.42588,0.4211,0.41641,0.4118,0.40726,0.4028,0.39841,0.39409,0.38984,0.38566,0.38154,0.3775,0.37351,0.36959,0.36573,0.36193,0.35819,0.35451,0.35088,0.34731,0.34379,0.34033,0.33692,0.33356,0.33025,0.32698,0.32377,0.3206,0.31748,0.31441,0.31138,0.30839,0.30545,0.30255,0.29968,0.29686,0.29408,0.29134,0.28864,0.28597,0.28334,0.28075,0.27819,0.27567,0.27318,0.27072,0.2683,0.26591,0.26355,0.26122,0.25893,0.25666,0.25442,0.25222,0.25004,0.24789,0.24576,0.24367,0.2416,0.23955,0.23754,0.23555,0.23358,0.23164,0.22972,0.22782,0.22595,0.2241,0.22228,0.22047,0.21869,0.21693,0.21519
4.75,,,,,,,,,,,,,,,,,,,,,,,,,,,,1.37912,1.35194,1.32556,1.29995,1.27507,1.2509,1.22741,1.20457,1.18237,1.16078,1.13977,1.11932,1.09942,1.08005,1.06119,1.04281,1.02491,1.00746,0.99046,0.97388,0.95772,0.94196,0.92658,0.91157,0.89693,0.88264,0.86868,0.85505,0.84175,0.82875,0.81605,0.80363,0.7915,0.77965,0.76805,0.75672,0.74563,0.73478,0.72417,0.71379,0.70363,0.69369,0.68395,0.67442,0.66508,0.65594,0.64699,0.63821,0.62962,0.6212,0.61294,0.60485,0.59692,0.58914,0.58151,0.57403,0.5667,0.5595,0.55244,0.54552,0.53872,0.53205,0.5255,0.51907,0.51276,0.50656,0.50048,0.4945,0.48863,0.48287,0.4772,0.47164,0.46617,0.4608,0.45552,0.45032,0.44522,0.4402,0.43527,0.43042,0.42565,0.42096,0.41635,0.41181,0.40735,0.40296,0.39864,0.39438,0.3902,0.38608,0.38203,0.37804,0.37411,0.37024,0.36644,0.36269,0.359,0.35536,0.35178,0.34825,0.34478,0.34136,0.33799,0.33466,0.33139,0.32817,0.32499,0.32186,0.31877,0.31572,0.31273,0.30977,0.30685,0.30398,0.30114,0.29835,0.29559,0.29287,0.29019,0.28755,0.28494,0.28237,0.27983,0.27733,0.27486,0.27242,0.27001,0.26764,0.2653,0.26298,0.2607,0.25845,0.25623,0.25403,0.25187,0.24973,0.24762,0.24553,0.24347,0.24144,0.23943,0.23745,0.23549,0.23355,0.23164,0.22976,0.22789,0.22605,0.22423,0.22243
5.0,,,,,,,,,,,,,,,,,,,,,,,,,,,,,1.39773,1.37045,1.34397,1.31825,1.29326,1.26898,1.24537,1.22241,1.20009,1.17836,1.15723,1.13666,1.11663,1.09712,1.07813,1.05962,1.04158,1.024,1.00686,0.99015,0.97385,0.95796,0.94244,0.9273,0.91253,0.8981,0.88401,0.87025,0.85681,0.84368,0.83085,0.81831,0.80605,0.79406,0.78234,0.77088,0.75967,0.7487,0.73796,0.72746,0.71718,0.70711,0.69726,0.68761,0.67816,0.6689,0.65983,0.65094,0.64223,0.6337,0.62533,0.61713,0.60909,0.60121,0.59347,0.58589,0.57845,0.57115,0.56399,0.55696,0.55006,0.54329,0.53665,0.53012,0.52372,0.51743,0.51125,0.50518,0.49922,0.49336,0.48761,0.48196,0.4764,0.47094,0.46557,0.4603,0.45511,0.45001,0.445,0.44007,0.43522,0.43045,0.42576,0.42114,0.4166,0.41213,0.40774,0.40341,0.39915,0.39496,0.39084,0.38678,0.38278,0.37884,0.37497,0.37115,0.36739,0.36369,0.36005,0.35646,0.35292,0.34943,0.346,0.34261,0.33928,0.33599,0.33275,0.32956,0.32642,0.32332,0.32026,0.31724,0.31427,0.31134,0.30845,0.3056,0.30279,0.30002,0.29729,0.29459,0.29193,0.28931,0.28672,0.28416,0.28164,0.27916,0.2767,0.27428,0.27189,0.26953,0.2672,0.2649,0.26264,0.2604,0.25818,0.256,0.25384,0.25172,0.24961,0.24754,0.24549,0.24346,0.24146,0.23949,0.23754,0.23561,0.23371,0.23183,0.22997
5.25,,,,,,,,,,,,,,,,,,,,,,,,,,,,,,,1.38978,1.36318,1.33734,1.31223,1.28781,1.26408,1.24099,1.21853,1.19667,1.1754,1.15469,1.13452,1.11487,1.09573,1.07708,1.0589,1.04118,1.0239,1.00705,0.99061,0.97456,0.95891,0.94363,0.92871,0.91414,0.89991,0.88602,0.87244,0.85917,0.8462,0.83352,0.82113,0.80901,0.79716,0.78556,0.77422,0.76312,0.75225,0.74162,0.73121,0.72102,0.71104,0.70127,0.6917,0.68232,0.67313,0.66412,0.6553,0.64665,0.63817,0.62985,0.6217,0.6137,0.60586,0.59817,0.59062,0.58321,0.57594,0.56881,0.56181,0.55494,0.54819,0.54157,0.53506,0.52867,0.5224,0.51624,0.51018,0.50423,0.49838,0.49264,0.48699,0.48144,0.47599,0.47062,0.46535,0.46017,0.45507,0.45005,0.44512,0.44027,0.4355,0.4308,0.42618,0.42164,0.41716,0.41276,0.40843,0.40416,0.39996,0.39583,0.39176,0.38775,0.3838,0.37992,0.37609,0.37232,0.3686,0.36495,0.36134,0.35779,0.35429,0.35084,0.34745,0.3441,0.3408,0.33754,0.33434,0.33117,0.32806,0.32498,0.32195,0.31897,0.31602,0.31311,0.31025,0.30742,0.30463,0.30188,0.29917,0.29649,0.29385,0.29124,0.28867,0.28613,0.28363,0.28116,0.27872,0.27631,0.27393,0.27159,0.26927,0.26698,0.26473,0.2625,0.2603,0.25812,0.25598,0.25386,0.25176,0.24969,0.24765,0.24563,0.24364,0.24167,0.23973,0.23781
5.5,,,,,,,,,,,,,,,,,,,,,,,,,,,,,,,,,1.38322,1.35725,1.332,1.30744,1.28356,1.26033,1.23773,1.21572,1.1943,1.17344,1.15312,1.13332,1.11403,1.09523,1.0769,1.05903,1.0416,1.02459,1.008,0.99181,0.976,0.96057,0.9455,0.93079,0.91641,0.90237,0.88864,0.87523,0.86212,0.8493,0.83676,0.8245,0.81251,0.80078,0.7893,0.77806,0.76706,0.7563,0.74576,0.73544,0.72533,0.71543,0.70573,0.69622,0.68691,0.67778,0.66883,0.66006,0.65146,0.64303,0.63476,0.62664,0.61869,0.61088,0.60322,0.5957,0.58833,0.58109,0.57398,0.567,0.56015,0.55342,0.54681,0.54032,0.53395,0.52768,0.52153,0.51548,0.50954,0.5037,0.49796,0.49232,0.48677,0.48132,0.47595,0.47068,0.46549,0.46039,0.45537,0.45044,0.44558,0.4408,0.4361,0.43147,0.42692,0.42244,0.41803,0.41368,0.40941,0.4052,0.40105,0.39697,0.39295,0.38899,0.38509,0.38125,0.37747,0.37374,0.37007,0.36645,0.36288,0.35937,0.3559,0.35249,0.34912,0.34581,0.34254,0.33931,0.33613,0.333,0.32991,0.32686,0.32386,0.32089,0.31797,0.31508,0.31224,0.30943,0.30666,0.30393,0.30123,0.29857,0.29595,0.29336,0.2908,0.28828,0.28579,0.28333,0.2809,0.27851,0.27614,0.27381,0.2715,0.26923,0.26698,0.26476,0.26256,0.2604,0.25826,0.25615,0.25406,0.252,0.24996,0.24795,0.24596
5.75,,,,,,,,,,,,,,,,,,,,,,,,,,,,,,,,,,,1.37799,1.35259,1.32789,1.30385,1.28047,1.2577,1.23554,1.21396,1.19294,1.17246,1.1525,1.13305,1.11409,1.0956,1.07756,1.05997,1.04281,1.02606,1.0097,0.99374,0.97815,0.96293,0.94806,0.93353,0.91933,0.90545,0.89189,0.87863,0.86566,0.85298,0.84057,0.82843,0.81655,0.80493,0.79355,0.78242,0.77151,0.76083,0.75037,0.74013,0.7301,0.72026,0.71063,0.70118,0.69193,0.68285,0.67396,0.66523,0.65668,0.64828,0.64005,0.63198,0.62405,0.61627,0.60864,0.60115,0.5938,0.58658,0.57949,0.57253,0.56569,0.55898,0.55238,0.5459,0.53954,0.53328,0.52714,0.52109,0.51516,0.50932,0.50358,0.49794,0.49239,0.48693,0.48157,0.47629,0.4711,0.46599,0.46097,0.45602,0.45116,0.44637,0.44166,0.43703,0.43246,0.42797,0.42355,0.41919,0.4149,0.41068,0.40652,0.40242,0.39839,0.39442,0.3905,0.38664,0.38284,0.3791,0.37541,0.37177,0.36819,0.36466,0.36118,0.35775,0.35436,0.35103,0.34774,0.3445,0.3413,0.33815,0.33504,0.33197,0.32895,0.32596,0.32302,0.32012,0.31725,0.31443,0.31164,0.30889,0.30617,0.30349,0.30085,0.29823,0.29566,0.29312,0.2906,0.28813,0.28568,0.28326,0.28088,0.27852,0.2762,0.2739,0.27163,0.26939,0.26718,0.26499,0.26283,0.2607,0.2586,0.25651,0.25446
6.0,,,,,,,,,,,,,,,,,,,,,,,,,,,,,,,,,,,,,1.37405,1.34918,1.32498,1.30142,1.27849,1.25616,1.23441,1.21322,1.19257,1.17244,1.15282,1.13368,1.11502,1.09682,1.07906,1.06172,1.0448,1.02828,1.01215,0.9964,0.98101,0.96598,0.95129,0.93693,0.92289,0.90917,0.89575,0.88262,0.86979,0.85723,0.84494,0.83291,0.82114,0.80961,0.79833,0.78728,0.77646,0.76586,0.75547,0.7453,0.73533,0.72556,0.71598,0.70659,0.69738,0.68836,0.6795,0.67082,0.6623,0.65394,0.64574,0.6377,0.6298,0.62205,0.61444,0.60697,0.59963,0.59243,0.58536,0.57841,0.57158,0.56488,0.55829,0.55182,0.54546,0.53921,0.53306,0.52702,0.52108,0.51525,0.5095,0.50386,0.49831,0.49285,0.48747,0.48219,0.47699,0.47188,0.46684,0.46189,0.45701,0.45222,0.44749,0.44284,0.43827,0.43376,0.42932,0.42495,0.42065,0.41641,0.41224,0.40813,0.40407,0.40008,0.39615,0.39228,0.38846,0.3847,0.38099,0.37734,0.37373,0.37018,0.36668,0.36323,0.35983,0.35647,0.35316,0.3499,0.34668,0.34351,0.34038,0.33729,0.33425,0.33124,0.32828,0.32536,0.32247,0.31962,0.31681,0.31404,0.3113,0.3086,0.30594,0.3033,0.30071,0.29814,0.29561,0.29311,0.29064,0.2882,0.2858,0.28342,0.28107,0.27876,0.27647,0.2742,0.27197,0.26976,0.26758,0.26543,0.2633
6.25,,,,,,,,,,,,,,,,,,,,,,,,,,,,,,,,,,,,,,,1.37134,1.34696,1.32323,1.30011,1.2776,1.25567,1.2343,1.21346,1.19316,1.17335,1.15404,1.1352,1.11681,1.09887,1.08136,1.06427,1.04757,1.03127,1.01534,0.99978,0.98457,0.96971,0.95519,0.94098,0.92709,0.91351,0.90022,0.88722,0.8745,0.86205,0.84987,0.83794,0.82626,0.81483,0.80363,0.79266,0.78191,0.77138,0.76106,0.75095,0.74103,0.73131,0.72179,0.71244,0.70328,0.69429,0.68547,0.67683,0.66834,0.66001,0.65184,0.64381,0.63594,0.62821,0.62062,0.61316,0.60584,0.59865,0.59159,0.58465,0.57783,0.57113,0.56455,0.55807,0.55172,0.54546,0.53932,0.53327,0.52733,0.52149,0.51574,0.51009,0.50453,0.49906,0.49368,0.48839,0.48318,0.47805,0.47301,0.46804,0.46315,0.45834,0.4536,0.44894,0.44435,0.43982,0.43537,0.43098,0.42666,0.42241,0.41821,0.41408,0.41001,0.406,0.40205,0.39816,0.39432,0.39054,0.38681,0.38314,0.37951,0.37594,0.37242,0.36895,0.36552,0.36215,0.35882,0.35553,0.35229,0.3491,0.34594,0.34283,0.33977,0.33674,0.33375,0.33081,0.3279,0.32503,0.3222,0.3194,0.31664,0.31392,0.31123,0.30857,0.30595,0.30337,0.30081,0.29829,0.2958,0.29334,0.29091,0.28851,0.28614,0.2838,0.28149,0.2792,0.27695,0.27472,0.27252
6.5,,,,,,,,,,,,,,,,,,,,,,,,,,,,,,,,,,,,,,,,1.39441,1.36984,1.34591,1.32261,1.2999,1.27778,1.25621,1.23519,1.21469,1.19469,1.17519,1.15615,1.13758,1.11945,1.10176,1.08447,1.06759,1.05111,1.035,1.01926,1.00387,0.98883,0.97413,0.95975,0.94569,0.93193,0.91848,0.90531,0.89242,0.87981,0.86746,0.85537,0.84353,0.83194,0.82058,0.80945,0.79855,0.78787,0.7774,0.76714,0.75708,0.74721,0.73754,0.72805,0.71875,0.70962,0.70067,0.69188,0.68326,0.6748,0.66649,0.65834,0.65034,0.64248,0.63476,0.62718,0.61974,0.61242,0.60524,0.59818,0.59125,0.58443,0.57773,0.57115,0.56468,0.55832,0.55206,0.54591,0.53986,0.53391,0.52806,0.5223,0.51664,0.51107,0.50559,0.5002,0.49489,0.48967,0.48453,0.47947,0.47449,0.46958,0.46475,0.46,0.45532,0.45071,0.44617,0.44169,0.43729,0.43295,0.42867,0.42446,0.42031,0.41622,0.41218,0.40821,0.4043,0.40044,0.39663,0.39288,0.38918,0.38554,0.38194,0.3784,0.3749,0.37146,0.36806,0.3647,0.36139,0.35813,0.35491,0.35174,0.3486,0.34551,0.34246,0.33945,0.33648,0.33355,0.33065,0.32779,0.32498,0.32219,0.31944,0.31673,0.31405,0.31141,0.3088,0.30622,0.30367,0.30116,0.29867,0.29622,0.2938,0.2914,0.28904,0.2867,0.2844,0.28212
6.75,,,,,,,,,,,,,,,,,,,,,,,,,,,,,,,,,,,,,,,,,,1.39364,1.36951,1.346,1.32309,1.30076,1.27899,1.25776,1.23706,1.21686,1.19716,1.17793,1.15915,1.14083,1.12293,1.10546,1.08838,1.0717,1.0554,1.03947,1.0239,1.00868,0.99379,0.97923,0.96498,0.95105,0.93741,0.92407,0.91101,0.89822,0.8857,0.87345,0.86144,0.84968,0.83816,0.82687,0.81581,0.80497,0.79434,0.78392,0.77371,0.76369,0.75387,0.74424,0.73479,0.72552,0.71642,0.70749,0.69873,0.69013,0.68169,0.6734,0.66526,0.65727,0.64942,0.64172,0.63414,0.62671,0.6194,0.61222,0.60516,0.59822,0.59141,0.5847,0.57812,0.57164,0.56527,0.55901,0.55285,0.54679,0.54083,0.53497,0.5292,0.52352,0.51794,0.51244,0.50703,0.50171,0.49647,0.49131,0.48624,0.48124,0.47631,0.47146,0.46669,0.46199,0.45736,0.45279,0.4483,0.44387,0.43951,0.43521,0.43098,0.4268,0.42269,0.41863,0.41464,0.4107,0.40681,0.40299,0.39921,0.39549,0.39182,0.3882,0.38463,0.38111,0.37764,0.37421,0.37083,0.3675,0.36421,0.36097,0.35776,0.3546,0.35149,0.34841,0.34537,0.34238,0.33942,0.3365,0.33362,0.33077,0.32796,0.32519,0.32245,0.31975,0.31708,0.31444,0.31184,0.30926,0.30672,0.30422,0.30174,0.29929,0.29687,0.29448,0.29212
7.0,,,,,,,,,,,,,,,,,,,,,,,,,,,,,,,,,,,,,,,,,,,,,1.37033,1.3472,1.32466,1.30267,1.28123,1.26031,1.2399,1.21998,1.20054,1.18156,1.16303,1.14493,1.12724,1.10997,1.09309,1.07659,1.06046,1.04469,1.02927,1.01419,0.99944,0.98501,0.97088,0.95706,0.94354,0.93029,0.91733,0.90463,0.8922,0.88002,0.86809,0.85639,0.84494,0.83371,0.8227,0.81191,0.80134,0.79096,0.78079,0.77081,0.76102,0.75142,0.742,0.73275,0.72368,0.71477,0.70603,0.69744,0.68902,0.68074,0.67261,0.66463,0.65679,0.64908,0.64151,0.63407,0.62677,0.61958,0.61252,0.60558,0.59876,0.59205,0.58545,0.57896,0.57259,0.56631,0.56014,0.55407,0.54809,0.54221,0.53643,0.53074,0.52514,0.51962,0.5142,0.50886,0.5036,0.49842,0.49332,0.4883,0.48335,0.47848,0.47369,0.46896,0.46431,0.45972,0.4552,0.45075,0.44636,0.44204,0.43778,0.43358,0.42944,0.42536,0.42134,0.41737,0.41346,0.40961,0.40581,0.40206,0.39836,0.39472,0.39112,0.38757,0.38407,0.38062,0.37721,0.37385,0.37054,0.36727,0.36404,0.36085,0.35771,0.3546,0.35154,0.34851,0.34553,0.34258,0.33967,0.3368,0.33396,0.33116,0.3284,0.32567,0.32297,0.32031,0.31768,0.31508,0.31251,0.30998,0.30747,0.305,0.30255
7.25,,,,,,,,,,,,,,,,,,,,,,,,,,,,,,,,,,,,,,,,,,,,,,,1.37228,1.3495,1.32729,1.30562,1.28447,1.26384,1.2437,1.22404,1.20484,1.18608,1.16777,1.14987,1.13238,1.11529,1.09858,1.08225,1.06627,1.05065,1.03537,1.02042,1.00579,0.99147,0.97746,0.96374,0.95031,0.93715,0.92427,0.91165,0.89929,0.88718,0.87531,0.86368,0.85228,0.8411,0.83014,0.8194,0.80886,0.79852,0.78838,0.77843,0.76867,0.75909,0.74969,0.74047,0.73141,0.72252,0.71379,0.70521,0.69679,0.68852,0.6804,0.67242,0.66457,0.65687,0.6493,0.64186,0.63454,0.62735,0.62028,0.61333,0.6065,0.59978,0.59317,0.58667,0.58027,0.57398,0.5678,0.56171,0.55572,0.54982,0.54402,0.5383,0.53268,0.52715,0.5217,0.51634,0.51105,0.50585,0.50073,0.49568,0.49072,0.48582,0.481,0.47625,0.47157,0.46696,0.46241,0.45793,0.45352,0.44917,0.44488,0.44065,0.43649,0.43238,0.42833,0.42433,0.4204,0.41651,0.41268,0.40891,0.40518,0.4015,0.39788,0.3943,0.39077,0.38729,0.38386,0.38047,0.37712,0.37382,0.37057,0.36735,0.36418,0.36104,0.35795,0.3549,0.35188,0.34891,0.34597,0.34307,0.3402,0.33738,0.33458,0.33182,0.3291,0.3264,0.32375,0.32112,0.31852,0.31596,0.31343
7.5,,,,,,,,,,,,,,,,,,,,,,,,,,,,,,,,,,,,,,,,,,,,,,,,,1.37533,1.35288,1.33097,1.30959,1.28872,1.26834,1.24845,1.22902,1.21004,1.19149,1.17337,1.15566,1.13835,1.12142,1.10487,1.08868,1.07284,1.05735,1.04219,1.02736,1.01284,0.99862,0.9847,0.97107,0.95773,0.94465,0.93184,0.91929,0.907,0.89494,0.88313,0.87155,0.86019,0.84906,0.83814,0.82742,0.81692,0.80661,0.7965,0.78657,0.77683,0.76727,0.75788,0.74867,0.73962,0.73074,0.72201,0.71344,0.70502,0.69675,0.68863,0.68065,0.6728,0.66509,0.65751,0.65006,0.64273,0.63553,0.62845,0.62149,0.61464,0.6079,0.60128,0.59476,0.58835,0.58204,0.57583,0.56972,0.56371,0.55779,0.55196,0.54623,0.54058,0.53503,0.52955,0.52416,0.51885,0.51363,0.50848,0.50341,0.49841,0.49349,0.48864,0.48386,0.47915,0.47451,0.46993,0.46543,0.46098,0.4566,0.45229,0.44803,0.44383,0.43969,0.43561,0.43159,0.42762,0.42371,0.41985,0.41604,0.41228,0.40857,0.40492,0.40131,0.39775,0.39424,0.39077,0.38735,0.38398,0.38065,0.37736,0.37411,0.37091,0.36774,0.36462,0.36154,0.35849,0.35549,0.35252,0.34959,0.34669,0.34383,0.34101,0.33822,0.33546,0.33274,0.33005,0.3274,0.32477
7.75,,,,,,,,,,,,,,,,,,,,,,,,,,,,,,,,,,,,,,,,,,,,,,,,,,,1.37948,1.35732,1.33569,1.31457,1.29395,1.27381,1.25414,1.23492,1.21614,1.19778,1.17984,1.16229,1.14514,1.12836,1.11195,1.09589,1.08018,1.0648,1.04975,1.03502,1.02059,1.00647,0.99263,0.97908,0.96581,0.9528,0.94005,0.92756,0.91532,0.90331,0.89154,0.88,0.86868,0.85758,0.84669,0.83601,0.82553,0.81524,0.80514,0.79523,0.78551,0.77596,0.76658,0.75737,0.74833,0.73945,0.73072,0.72215,0.71373,0.70545,0.69732,0.68933,0.68147,0.67375,0.66616,0.6587,0.65136,0.64414,0.63704,0.63006,0.62319,0.61644,0.60979,0.60325,0.59682,0.59049,0.58425,0.57812,0.57208,0.56614,0.56029,0.55453,0.54885,0.54327,0.53776,0.53235,0.52701,0.52175,0.51657,0.51147,0.50645,0.50149,0.49661,0.4918,0.48706,0.48239,0.47778,0.47325,0.46877,0.46436,0.46001,0.45572,0.45149,0.44732,0.44321,0.43915,0.43515,0.4312,0.42731,0.42347,0.41968,0.41594,0.41225,0.40861,0.40502,0.40147,0.39797,0.39452,0.39111,0.38775,0.38443,0.38115,0.37791,0.37471,0.37156,0.36844,0.36537,0.36233,0.35933,0.35636,0.35344,0.35055,0.34769,0.34487,0.34208,0.33933,0.33661
8.0,,,,,,,,,,,,,,,,,,,,,,,,,,,,,,,,,,,,,,,,,,,,,,,,,,,,,1.38471,1.36282,1.34144,1.32056,1.30017,1.28024,1.26077,1.24174,1.22314,1.20495,1.18717,1.16977,1.15276,1.13611,1.11982,1.10388,1.08828,1.07301,1.05805,1.04341,1.02907,1.01502,1.00125,0.98777,0.97456,0.9616,0.94891,0.93647,0.92426,0.9123,0.90057,0.88906,0.87777,0.86669,0.85582,0.84516,0.83469,0.82442,0.81434,0.80444,0.79471,0.78517,0.77579,0.76659,0.75754,0.74865,0.73992,0.73134,0.72291,0.71463,0.70648,0.69848,0.69061,0.68287,0.67526,0.66778,0.66042,0.65318,0.64607,0.63906,0.63217,0.62539,0.61872,0.61216,0.6057,0.59934,0.59308,0.58692,0.58085,0.57488,0.569,0.56321,0.5575,0.55188,0.54635,0.5409,0.53553,0.53024,0.52503,0.5199,0.51484,0.50985,0.50494,0.50009,0.49532,0.49061,0.48598,0.4814,0.47689,0.47245,0.46806,0.46374,0.45947,0.45527,0.45112,0.44703,0.44299,0.43901,0.43508,0.4312,0.42738,0.42361,0.41988,0.41621,0.41258,0.409,0.40547,0.40198,0.39854,0.39514,0.39178,0.38847,0.3852,0.38197,0.37878,0.37563,0.37252,0.36944,0.36641,0.36341,0.36045,0.35753,0.35464,0.35178,0.34896
8.25,,,,,,,,,,,,,,,,,,,,,,,,,,,,,,,,,,,,,,,,,,,,,,,,,,,,,,,,1.36937,1.34822,1.32756,1.30737,1.28764,1.26835,1.24949,1.23104,1.21301,1.19536,1.1781,1.16121,1.14468,1.1285,1.11266,1.09716,1.08197,1.0671,1.05253,1.03826,1.02428,1.01057,0.99715,0.98398,0.97108,0.95842,0.94602,0.93385,0.92192,0.91021,0.89872,0.88746,0.8764,0.86554,0.85489,0.84443,0.83417,0.82409,0.81419,0.80447,0.79492,0.78554,0.77632,0.76727,0.75838,0.74963,0.74104,0.7326,0.7243,0.71613,0.70811,0.70022,0.69246,0.68483,0.67733,0.66994,0.66268,0.65554,0.64851,0.64159,0.63478,0.62808,0.62149,0.615,0.60861,0.60232,0.59613,0.59003,0.58402,0.57811,0.57228,0.56655,0.56089,0.55533,0.54984,0.54444,0.53911,0.53387,0.5287,0.5236,0.51858,0.51363,0.50875,0.50394,0.49919,0.49452,0.48991,0.48536,0.48088,0.47645,0.47209,0.46779,0.46355,0.45936,0.45523,0.45116,0.44714,0.44318,0.43926,0.4354,0.43159,0.42783,0.42412,0.42045,0.41684,0.41327,0.40974,0.40626,0.40283,0.39943,0.39608,0.39278,0.38951,0.38628,0.3831,0.37995,0.37684,0.37377,0.37074,0.36775,0.36479,0.36186
8.5,,,,,,,,,,,,,,,,,,,,,,,,,,,,,,,,,,,,,,,,,,,,,,,,,,,,,,,,,,1.37697,1.35603,1.33556,1.31556,1.29599,1.27687,1.25816,1.23986,1.22195,1.20443,1.18729,1.17051,1.15408,1.138,1.12224,1.10682,1.09171,1.07691,1.0624,1.04819,1.03426,1.02061,1.00722,0.9941,0.98123,0.96861,0.95623,0.94409,0.93218,0.92049,0.90902,0.89776,0.88671,0.87587,0.86522,0.85476,0.84449,0.83441,0.82451,0.81478,0.80522,0.79583,0.7866,0.77754,0.76862,0.75986,0.75125,0.74279,0.73447,0.72628,0.71824,0.71032,0.70254,0.69488,0.68735,0.67994,0.67265,0.66547,0.65841,0.65146,0.64462,0.63789,0.63126,0.62474,0.61831,0.61199,0.60576,0.59963,0.59358,0.58763,0.58177,0.576,0.57031,0.5647,0.55918,0.55374,0.54838,0.54309,0.53788,0.53275,0.52768,0.52269,0.51777,0.51292,0.50814,0.50343,0.49878,0.49419,0.48967,0.4852,0.4808,0.47646,0.47218,0.46795,0.46378,0.45967,0.45561,0.45161,0.44765,0.44375,0.4399,0.4361,0.43235,0.42865,0.42499,0.42138,0.41782,0.4143,0.41083,0.4074,0.40401,0.40066,0.39736,0.39409,0.39087,0.38769,0.38454,0.38143,0.37836,0.37533
8.75,,,,,,,,,,,,,,,,,,,,,,,,,,,,,,,,,,,,,,,,,,,,,,,,,,,,,,,,,,,,1.38563,1.36487,1.34458,1.32473,1.30532,1.28634,1.26776,1.24958,1.2318,1.21439,1.19734,1.18066,1.16431,1.14831,1.13263,1.11728,1.10223,1.08748,1.07303,1.05887,1.04498,1.03137,1.01801,1.00492,0.99208,0.97948,0.96712,0.95499,0.94309,0.93142,0.91995,0.9087,0.89765,0.8868,0.87615,0.86569,0.85541,0.84532,0.83541,0.82566,0.81609,0.80668,0.79744,0.78835,0.77942,0.77064,0.762,0.75351,0.74516,0.73695,0.72887,0.72093,0.71312,0.70543,0.69786,0.69042,0.68309,0.67588,0.66879,0.6618,0.65493,0.64816,0.64149,0.63493,0.62847,0.6221,0.61584,0.60966,0.60358,0.59759,0.59169,0.58587,0.58014,0.5745,0.56893,0.56345,0.55804,0.55272,0.54747,0.54229,0.53718,0.53215,0.52719,0.5223,0.51747,0.51271,0.50802,0.50339,0.49883,0.49432,0.48988,0.4855,0.48117,0.4769,0.47269,0.46854,0.46444,0.46039,0.45639,0.45245,0.44856,0.44472,0.44092,0.43718,0.43348,0.42983,0.42623,0.42267,0.41915,0.41568,0.41225,0.40887,0.40552,0.40222,0.39896,0.39573,0.39255,0.3894
9.0,,,,,,,,,,,,,,,,,,,,,,,,,,,,,,,,,,,,,,,,,,,,,,,,,,,,,,,,,,,,,,,1.37475,1.35461,1.3349,1.31563,1.29676,1.27831,1.26024,1.24255,1.22523,1.20827,1.19167,1.1754,1.15946,1.14385,1.12854,1.11355,1.09885,1.08444,1.07031,1.05645,1.04286,1.02954,1.01646,1.00364,0.99105,0.9787,0.96658,0.95469,0.94301,0.93154,0.92029,0.90923,0.89838,0.88771,0.87724,0.86695,0.85684,0.8469,0.83714,0.82755,0.81812,0.80885,0.79973,0.79077,0.78196,0.7733,0.76477,0.75639,0.74815,0.74004,0.73206,0.72421,0.71649,0.70888,0.7014,0.69404,0.68679,0.67965,0.67263,0.66571,0.6589,0.6522,0.64559,0.63909,0.63268,0.62637,0.62015,0.61403,0.60799,0.60205,0.59619,0.59041,0.58472,0.57911,0.57359,0.56814,0.56276,0.55747,0.55224,0.5471,0.54202,0.53701,0.53207,0.5272,0.5224,0.51766,0.51299,0.50838,0.50383,0.49934,0.49491,0.49054,0.48623,0.48197,0.47777,0.47363,0.46953,0.46549,0.46151,0.45757,0.45369,0.44985,0.44606,0.44232,0.43863,0.43498,0.43138,0.42782,0.42431,0.42083,0.41741,0.41402,0.41067,0.40737,0.4041
9.25,,,,,,,,,,,,,,,,,,,,,,,,,,,,,,,,,,,,,,,,,,,,,,,,,,,,,,,,,,,,,,,,,,1.36566,1.34608,1.32692,1.30816,1.2898,1.27183,1.25423,1.23699,1.2201,1.20355,1.18735,1.17146,1.15589,1.14063,1.12568,1.11101,1.09663,1.08252,1.06869,1.05512,1.0418,1.02874,1.01592,1.00334,0.99099,0.97887,0.96697,0.95528,0.94381,0.93254,0.92147,0.9106,0.89992,0.88942,0.87911,0.86898,0.85902,0.84923,0.83961,0.83014,0.82084,0.8117,0.8027,0.79386,0.78516,0.7766,0.76818,0.7599,0.75175,0.74373,0.73584,0.72808,0.72043,0.71291,0.7055,0.69821,0.69103,0.68396,0.677,0.67014,0.66339,0.65674,0.65019,0.64374,0.63738,0.63111,0.62494,0.61886,0.61287,0.60696,0.60114,0.5954,0.58974,0.58417,0.57867,0.57325,0.5679,0.56263,0.55743,0.55231,0.54725,0.54227,0.53735,0.5325,0.52771,0.52299,0.51833,0.51373,0.50919,0.50472,0.5003,0.49594,0.49164,0.48739,0.4832,0.47906,0.47497,0.47094,0.46696,0.46302,0.45914,0.45531,0.45152,0.44778,0.44409,0.44044,0.43684,0.43328,0.42976,0.42629,0.42286,0.41947
9.5,,,,,,,,,,,,,,,,,,,,,,,,,,,,,,,,,,,,,,,,,,,,,,,,,,,,,,,,,,,,,,,,,,,,1.37775,1.35828,1.33921,1.32055,1.30227,1.28437,1.26684,1.24966,1.23283,1.21634,1.20017,1.18433,1.1688,1.15357,1.13864,1.12399,1.10963,1.09554,1.08171,1.06815,1.05484,1.04178,1.02895,1.01637,1.00401,0.99188,0.97996,0.96826,0.95677,0.94548,0.93439,0.92349,0.91279,0.90226,0.89192,0.88176,0.87177,0.86195,0.85229,0.84279,0.83345,0.82427,0.81524,0.80635,0.79761,0.78901,0.78055,0.77222,0.76403,0.75597,0.74803,0.74022,0.73253,0.72496,0.7175,0.71016,0.70293,0.69581,0.6888,0.6819,0.6751,0.6684,0.66179,0.65529,0.64888,0.64257,0.63634,0.63021,0.62417,0.61821,0.61233,0.60654,0.60083,0.59521,0.58966,0.58418,0.57879,0.57346,0.56822,0.56304,0.55793,0.55289,0.54792,0.54302,0.53818,0.53341,0.5287,0.52405,0.51947,0.51494,0.51047,0.50606,0.50171,0.49741,0.49317,0.48898,0.48484,0.48076,0.47673,0.47275,0.46882,0.46493,0.4611,0.45731,0.45357,0.44988,0.44623,0.44262,0.43906,0.43554
