Altitude_km,Mach_perm,CL_perm,V_perm_ms
0.0,0.1614,1.08633,54.92
0.00692,0.1444,1.08631,49.14
0.01841,0.1445,1.08629,49.16
0.02989,0.1446,1.08627,49.19
0.04136,0.1447,1.08625,49.22
0.05281,0.1448,1.08622,49.25
0.06426,0.1449,1.0862,49.27
0.0757,0.145,1.08618,49.3
0.08712,0.1451,1.08615,49.33
0.09853,0.1452,1.08613,49.36
0.10994,0.1453,1.0861,49.38
0.12133,0.1454,1.08608,49.41
0.13271,0.1455,1.08606,49.44
0.14408,0.1456,1.08603,49.47
0.15544,0.1457,1.08601,49.49
0.16679,0.1458,1.08598,49.52
0.17813,0.1459,1.08596,49.55
0.18945,0.146,1.08594,49.58
0.20077,0.1461,1.08591,49.61
0.21207,0.1462,1.08589,49.63
0.22337,0.1463,1.08586,49.66
0.23465,0.1464,1.08584,49.69
0.24593,0.1465,1.08582,49.72
0.25719,0.1466,1.08579,49.74
0.26844,0.1467,1.08577,49.77
0.27968,0.1468,1.08575,49.8
0.29091,0.1469,1.08573,49.83
0.30213,0.147,1.0857,49.85
0.31334,0.1471,1.08568,49.88
0.32454,0.1472,1.08566,49.91
0.33573,0.1473,1.08563,49.94
0.3469,0.1474,1.08561,49.96
0.35807,0.1475,1.08558,49.99
0.36923,0.1476,1.08556,50.02
0.38037,0.1477,1.08554,50.05
0.39151,0.1478,1.08551,50.07
0.40263,0.1479,1.08549,50.1
0.41375,0.148,1.08546,50.13
0.42485,0.1481,1.08544,50.16
0.43595,0.1482,1.08542,50.18
0.44703,0.1483,1.08539,50.21
0.4581,0.1484,1.08537,50.24
0.46916,0.1485,1.08534,50.27
0.48022,0.1486,1.08532,50.29
0.49126,0.1487,1.0853,50.32
0.50229,0.1488,1.08527,50.35
0.51331,0.1489,1.08525,50.38
0.52432,0.149,1.08523,50.4
0.53532,0.1491,1.08521,50.43
0.54631,0.1492,1.08518,50.46
0.55729,0.1493,1.08516,50.49
0.56826,0.1494,1.08514,50.51
0.57922,0.1495,1.08511,50.54
0.59017,0.1496,1.08509,50.57
0.60111,0.1497,1.08506,50.6
0.61204,0.1498,1.08504,50.62
0.62296,0.1499,1.08502,50.65
0.63387,0.15,1.08499,50.68
0.64477,0.1501,1.08497,50.71
0.65565,0.1502,1.08494,50.73
0.66653,0.1503,1.08492,50.76
0.6774,0.1504,1.0849,50.79
0.68826,0.1505,1.08487,50.82
0.69911,0.1506,1.08485,50.84
0.70995,0.1507,1.08482,50.87
0.72077,0.1508,1.0848,50.9
0.73159,0.1509,1.08478,50.93
0.7424,0.151,1.08475,50.95
0.7532,0.1511,1.08474,50.98
0.76399,0.1512,1.08471,51.01
0.77477,0.1513,1.08469,51.04
0.78553,0.1514,1.08466,51.06
0.79629,0.1515,1.08464,51.09
0.80704,0.1516,1.08462,51.12
0.81778,0.1517,1.08459,51.15
0.82851,0.1518,1.08457,51.17
0.83923,0.1519,1.08454,51.2
0.84994,0.152,1.08452,51.23
0.86064,0.1521,1.0845,51.25
0.87133,0.1522,1.08447,51.28
0.88201,0.1523,1.08445,51.31
0.89268,0.1524,1.08442,51.34
0.90334,0.1525,1.0844,51.36
0.91399,0.1526,1.08438,51.39
0.92463,0.1527,1.08435,51.42
0.93526,0.1528,1.08433,51.45
0.94588,0.1529,1.0843,51.47
0.9565,0.153,1.08428,51.5
0.9671,0.1531,1.08426,51.53
0.97769,0.1532,1.08423,51.56
0.98827,0.1533,1.08422,51.58
0.99885,0.1534,1.08419,51.61
1.00941,0.1535,1.08417,51.64
1.01997,0.1536,1.08414,51.67
1.03051,0.1537,1.08412,51.69
1.04105,0.1538,1.0841,51.72
1.05157,0.1539,1.08407,51.75
1.06209,0.154,1.08405,51.77
1.0726,0.1541,1.08402,51.8
1.08309,0.1542,1.084,51.83
1.09358,0.1543,1.08398,51.86
1.10406,0.1544,1.08395,51.88
1.11453,0.1545,1.08393,51.91
1.12499,0.1546,1.0839,51.94
1.13544,0.1547,1.08388,51.97
1.14588,0.1548,1.08386,51.99
1.15631,0.1549,1.08383,52.02
1.16673,0.155,1.08381,52.05
1.17715,0.1551,1.08378,52.08
1.18755,0.1552,1.08376,52.1
1.19794,0.1553,1.08374,52.13
1.20833,0.1554,1.08371,52.16
1.2187,0.1555,1.0837,52.18
1.22907,0.1556,1.08367,52.21
1.23943,0.1557,1.08365,52.24
1.24977,0.1558,1.08362,52.27
1.26011,0.1559,1.0836,52.29
1.27044,0.156,1.08358,52.32
1.28076,0.1561,1.08355,52.35
1.29107,0.1562,1.08353,52.38
1.30137,0.1563,1.0835,52.4
1.31166,0.1564,1.08348,52.43
1.32195,0.1565,1.08346,52.46
1.33222,0.1566,1.08343,52.48
1.34249,0.1567,1.08341,52.51
1.35274,0.1568,1.08338,52.54
1.36299,0.1569,1.08336,52.57
1.37323,0.157,1.08334,52.59
1.38346,0.1571,1.08331,52.62
1.39367,0.1572,1.08329,52.65
1.40389,0.1573,1.08326,52.67
1.41409,0.1574,1.08324,52.7
1.42428,0.1575,1.08322,52.73
1.43446,0.1576,1.08319,52.76
1.44464,0.1577,1.08318,52.78
1.4548,0.1578,1.08315,52.81
1.46496,0.1579,1.08313,52.84
1.47511,0.158,1.0831,52.87
1.48524,0.1581,1.08308,52.89
1.49537,0.1582,1.08306,52.92
1.50549,0.1583,1.08303,52.95
1.51561,0.1584,1.08301,52.97
1.52571,0.1585,1.08298,53.0
1.5358,0.1586,1.08296,53.03
1.54589,0.1587,1.08294,53.06
1.55596,0.1588,1.08291,53.08
1.56603,0.1589,1.08289,53.11
1.57609,0.159,1.08286,53.14
1.58614,0.1591,1.08284,53.16
1.59618,0.1592,1.08282,53.19
1.60621,0.1593,1.08279,53.22
1.61624,0.1594,1.08277,53.25
1.62625,0.1595,1.08274,53.27
1.63626,0.1596,1.08272,53.3
1.64626,0.1597,1.0827,53.33
1.65624,0.1598,1.08268,53.35
1.66622,0.1599,1.08266,53.38
1.6762,0.16,1.08263,53.41
1.68616,0.1601,1.08261,53.44
1.69611,0.1602,1.08258,53.46
1.70606,0.1603,1.08256,53.49
1.71599,0.1604,1.08254,53.52
1.72592,0.1605,1.08251,53.54
1.73584,0.1606,1.08249,53.57
1.74575,0.1607,1.08246,53.6
1.75566,0.1608,1.08244,53.63
1.76555,0.1609,1.08242,53.65
1.77543,0.161,1.08239,53.68
1.78531,0.1611,1.08237,53.71
1.79518,0.1612,1.08234,53.73
1.80504,0.1613,1.08232,53.76
1.81489,0.1614,1.0823,53.79
1.82473,0.1615,1.08227,53.82
1.83457,0.1616,1.08225,53.84
1.84439,0.1617,1.08222,53.87
1.85421,0.1618,1.0822,53.9
1.86402,0.1619,1.08218,53.92
1.87382,0.162,1.08216,53.95
1.88361,0.1621,1.08214,53.98
1.89339,0.1622,1.08211,54.01
1.90317,0.1623,1.08209,54.03
1.91293,0.1624,1.08206,54.06
1.92269,0.1625,1.08204,54.09
1.93244,0.1626,1.08202,54.11
1.94218,0.1627,1.08199,54.14
1.95192,0.1628,1.08197,54.17
1.96164,0.1629,1.08194,54.19
1.97136,0.163,1.08192,54.22
1.98107,0.1631,1.0819,54.25
1.99077,0.1632,1.08187,54.28
2.00046,0.1633,1.08185,54.3
2.01014,0.1634,1.08182,54.33
2.01982,0.1635,1.0818,54.36
2.02948,0.1636,1.08178,54.38
2.03914,0.1637,1.08175,54.41
2.04879,0.1638,1.08173,54.44
2.05844,0.1639,1.0817,54.46
2.06807,0.164,1.08168,54.49
2.0777,0.1641,1.08166,54.52
2.08731,0.1642,1.08164,54.55
2.09692,0.1643,1.08162,54.57
2.10652,0.1644,1.08159,54.6
2.11612,0.1645,1.08157,54.63
2.1257,0.1646,1.08154,54.65
2.13528,0.1647,1.08152,54.68
2.14485,0.1648,1.0815,54.71
2.15441,0.1649,1.08147,54.73
2.16396,0.165,1.08145,54.76
2.17351,0.1651,1.08142,54.79
2.18304,0.1652,1.0814,54.82
2.19257,0.1653,1.08138,54.84
2.20209,0.1654,1.08135,54.87
2.21161,0.1655,1.08133,54.9
2.22111,0.1656,1.0813,54.92
2.23061,0.1657,1.08128,54.95
2.2401,0.1658,1.08126,54.98
2.24958,0.1659,1.08123,55.0
2.25905,0.166,1.08121,55.03
2.26852,0.1661,1.08118,55.06
2.27797,0.1662,1.08116,55.09
2.28742,0.1663,1.08114,55.11
2.29686,0.1664,1.08112,55.14
2.3063,0.1665,1.0811,55.17
2.31572,0.1666,1.08107,55.19
2.32514,0.1667,1.08105,55.22
2.33455,0.1668,1.08102,55.25
2.34395,0.1669,1.081,55.27
2.35334,0.167,1.08098,55.3
2.36273,0.1671,1.08095,55.33
2.37211,0.1672,1.08093,55.35
2.38148,0.1673,1.0809,55.38
2.39084,0.1674,1.08088,55.41
2.4002,0.1675,1.08086,55.44
2.40954,0.1676,1.08083,55.46
2.41888,0.1677,1.08081,55.49
2.42821,0.1678,1.08078,55.52
2.43754,0.1679,1.08076,55.54
2.44685,0.168,1.08074,55.57
2.45616,0.1681,1.08071,55.6
2.46546,0.1682,1.08069,55.62
2.47476,0.1683,1.08066,55.65
2.48404,0.1684,1.08064,55.68
2.49332,0.1685,1.08062,55.7
2.50259,0.1686,1.0806,55.73
2.51185,0.1687,1.08058,55.76
2.52111,0.1688,1.08055,55.79
2.53035,0.1689,1.08053,55.81
2.53959,0.169,1.0805,55.84
2.54882,0.1691,1.08048,55.87
2.55805,0.1692,1.08046,55.89
2.56726,0.1693,1.08043,55.92
2.57647,0.1694,1.08041,55.95
2.58568,0.1695,1.08038,55.97
2.59487,0.1696,1.08036,56.0
2.60406,0.1697,1.08034,56.03
2.61323,0.1698,1.08031,56.05
2.62241,0.1699,1.08029,56.08
2.63157,0.17,1.08026,56.11
2.64073,0.1701,1.08024,56.13
2.64987,0.1702,1.08022,56.16
2.65902,0.1703,1.08019,56.19
2.66815,0.1704,1.08017,56.21
2.67728,0.1705,1.08014,56.24
2.68639,0.1706,1.08012,56.27
2.69551,0.1707,1.0801,56.3
2.70461,0.1708,1.08008,56.32
2.71371,0.1709,1.08006,56.35
2.72279,0.171,1.08003,56.38
2.73188,0.1711,1.08001,56.4
2.74095,0.1712,1.07998,56.43
2.75002,0.1713,1.07996,56.46
2.75908,0.1714,1.07994,56.48
2.76813,0.1715,1.07991,56.51
2.77717,0.1716,1.07989,56.54
2.78621,0.1717,1.07986,56.56
2.79524,0.1718,1.07984,56.59
2.80427,0.1719,1.07982,56.62
2.81328,0.172,1.07979,56.64
2.82229,0.1721,1.07977,56.67
2.83129,0.1722,1.07974,56.7
2.84028,0.1723,1.07972,56.72
2.84927,0.1724,1.0797,56.75
2.85825,0.1725,1.07967,56.78
2.86722,0.1726,1.07965,56.8
2.87619,0.1727,1.07962,56.83
2.88514,0.1728,1.0796,56.86
2.89409,0.1729,1.07958,56.88
2.90304,0.173,1.07956,56.91
2.91197,0.1731,1.07954,56.94
2.9209,0.1732,1.07951,56.97
2.92982,0.1733,1.07949,56.99
2.93874,0.1734,1.07946,57.02
2.94764,0.1735,1.07944,57.05
2.95654,0.1736,1.07942,57.07
2.96544,0.1737,1.07939,57.1
2.97432,0.1738,1.07937,57.13
2.9832,0.1739,1.07934,57.15
2.99207,0.174,1.07932,57.18
3.00094,0.1741,1.0793,57.21
3.00979,0.1742,1.07927,57.23
3.01864,0.1743,1.07925,57.26
3.02749,0.1744,1.07922,57.29
3.03632,0.1745,1.0792,57.31
3.04515,0.1746,1.07918,57.34
3.05397,0.1747,1.07915,57.37
3.06279,0.1748,1.07913,57.39
3.0716,0.1749,1.0791,57.42
3.0804,0.175,1.07909,57.45
3.08919,0.1751,1.07906,57.47
3.09798,0.1752,1.07904,57.5
3.10676,0.1753,1.07902,57.53
3.11553,0.1754,1.07899,57.55
3.1243,0.1755,1.07897,57.58
3.13306,0.1756,1.07894,57.61
3.14181,0.1757,1.07892,57.63
3.15055,0.1758,1.0789,57.66
3.15929,0.1759,1.07887,57.69
3.16802,0.176,1.07885,57.71
3.17675,0.1761,1.07882,57.74
3.18546,0.1762,1.0788,57.77
3.19418,0.1763,1.07878,57.79
3.20288,0.1764,1.07875,57.82
3.21158,0.1765,1.07873,57.85
3.22027,0.1766,1.0787,57.87
3.22895,0.1767,1.07868,57.9
3.23763,0.1768,1.07866,57.93
3.24629,0.1769,1.07863,57.95
3.25496,0.177,1.07861,57.98
3.26361,0.1771,1.07858,58.01
3.27226,0.1772,1.07857,58.03
3.2809,0.1773,1.07854,58.06
3.28954,0.1774,1.07852,58.09
3.29817,0.1775,1.0785,58.11
3.30679,0.1776,1.07847,58.14
3.3154,0.1777,1.07845,58.17
3.32401,0.1778,1.07842,58.19
3.33261,0.1779,1.0784,58.22
3.34121,0.178,1.07838,58.25
3.3498,0.1781,1.07835,58.27
3.35838,0.1782,1.07833,58.3
3.36695,0.1783,1.0783,58.33
3.37552,0.1784,1.07828,58.35
3.38408,0.1785,1.07826,58.38
3.39264,0.1786,1.07823,58.41
3.40119,0.1787,1.07821,58.43
3.40973,0.1788,1.07818,58.46
3.41826,0.1789,1.07816,58.49
3.42679,0.179,1.07814,58.51
3.43531,0.1791,1.07811,58.54
3.44382,0.1792,1.07809,58.57
3.45233,0.1793,1.07806,58.59
3.46083,0.1794,1.07805,58.62
3.46933,0.1795,1.07802,58.64
3.47782,0.1796,1.078,58.67
3.4863,0.1797,1.07798,58.7
3.49477,0.1798,1.07795,58.72
3.50324,0.1799,1.07793,58.75
3.5117,0.18,1.0779,58.78
3.52016,0.1801,1.07788,58.8
3.52861,0.1802,1.07786,58.83
3.53705,0.1803,1.07783,58.86
3.54549,0.1804,1.07781,58.88
3.55392,0.1805,1.07778,58.91
3.56234,0.1806,1.07776,58.94
3.57076,0.1807,1.07774,58.96
3.57916,0.1808,1.07771,58.99
3.58757,0.1809,1.07769,59.02
3.59596,0.181,1.07766,59.04
3.60436,0.1811,1.07764,59.07
3.61274,0.1812,1.07762,59.1
3.62112,0.1813,1.07759,59.12
3.62949,0.1814,1.07757,59.15
3.63785,0.1815,1.07754,59.18
3.64621,0.1816,1.07753,59.2
3.65456,0.1817,1.0775,59.23
3.66291,0.1818,1.07748,59.26
3.67125,0.1819,1.07746,59.28
3.67958,0.182,1.07743,59.31
3.68791,0.1821,1.07741,59.34
3.69623,0.1822,1.07738,59.36
3.70454,0.1823,1.07736,59.39
3.71285,0.1824,1.07734,59.41
3.72115,0.1825,1.07731,59.44
3.72944,0.1826,1.07729,59.47
3.73773,0.1827,1.07726,59.49
3.74601,0.1828,1.07724,59.52
3.75429,0.1829,1.07722,59.55
3.76256,0.183,1.07719,59.57
3.77082,0.1831,1.07717,59.6
3.77907,0.1832,1.07714,59.63
3.78732,0.1833,1.07712,59.65
3.79557,0.1834,1.0771,59.68
3.80381,0.1835,1.07707,59.71
3.81204,0.1836,1.07705,59.73
3.82026,0.1837,1.07703,59.76
3.82848,0.1838,1.07701,59.79
3.83669,0.1839,1.07698,59.81
3.8449,0.184,1.07696,59.84
3.8531,0.1841,1.07694,59.86
3.8613,0.1842,1.07691,59.89
3.86948,0.1843,1.07689,59.92
3.87767,0.1844,1.07686,59.94
3.88584,0.1845,1.07684,59.97
3.89401,0.1846,1.07682,60.0
3.90217,0.1847,1.07679,60.02
3.91033,0.1848,1.07677,60.05
3.91848,0.1849,1.07674,60.08
3.92663,0.185,1.07672,60.1
3.93476,0.1851,1.0767,60.13
3.9429,0.1852,1.07667,60.16
3.95102,0.1853,1.07665,60.18
3.95914,0.1854,1.07662,60.21
3.96726,0.1855,1.0766,60.23
3.97537,0.1856,1.07658,60.26
3.98347,0.1857,1.07655,60.29
3.99156,0.1858,1.07653,60.31
3.99965,0.1859,1.07651,60.34
4.00774,0.186,1.07649,60.37
4.01581,0.1861,1.07646,60.39
4.02389,0.1862,1.07644,60.42
4.03195,0.1863,1.07642,60.45
4.04001,0.1864,1.07639,60.47
4.04807,0.1865,1.07637,60.5
4.05611,0.1866,1.07634,60.53
4.06415,0.1867,1.07632,60.55
4.07219,0.1868,1.0763,60.58
4.08022,0.1869,1.07627,60.6
4.08824,0.187,1.07625,60.63
4.09626,0.1871,1.07622,60.66
4.10427,0.1872,1.0762,60.68
4.11228,0.1873,1.07618,60.71
4.12028,0.1874,1.07615,60.74
4.12827,0.1875,1.07613,60.76
4.13626,0.1876,1.0761,60.79
4.14424,0.1877,1.07608,60.82
4.15222,0.1878,1.07606,60.84
4.16019,0.1879,1.07603,60.87
4.16815,0.188,1.07601,60.89
4.17611,0.1881,1.07599,60.92
4.18406,0.1882,1.07597,60.95
4.19201,0.1883,1.07594,60.97
4.19995,0.1884,1.07592,61.0
4.20788,0.1885,1.0759,61.03
4.21581,0.1886,1.07587,61.05
4.22373,0.1887,1.07585,61.08
4.23165,0.1888,1.07582,61.11
4.23956,0.1889,1.0758,61.13
4.24747,0.189,1.07578,61.16
4.25537,0.1891,1.07575,61.18
4.26326,0.1892,1.07573,61.21
4.27115,0.1893,1.0757,61.24
4.27903,0.1894,1.07568,61.26
4.28691,0.1895,1.07566,61.29
4.29478,0.1896,1.07563,61.32
4.30264,0.1897,1.07561,61.34
4.3105,0.1898,1.07558,61.37
4.31835,0.1899,1.07556,61.39
4.3262,0.19,1.07554,61.42
4.33404,0.1901,1.07551,61.45
4.34188,0.1902,1.07549,61.47
4.34971,0.1903,1.07547,61.5
4.35753,0.1904,1.07545,61.53
4.36535,0.1905,1.07542,61.55
4.37316,0.1906,1.0754,61.58
4.38097,0.1907,1.07538,61.61
4.38877,0.1908,1.07535,61.63
4.39657,0.1909,1.07533,61.66
4.40436,0.191,1.0753,61.68
4.41214,0.1911,1.07528,61.71
4.41992,0.1912,1.07526,61.74
4.42769,0.1913,1.07523,61.76
4.43546,0.1914,1.07521,61.79
4.44322,0.1915,1.07518,61.82
4.45098,0.1916,1.07516,61.84
4.45873,0.1917,1.07514,61.87
4.46647,0.1918,1.07511,61.89
4.47421,0.1919,1.07509,61.92
4.48195,0.192,1.07506,61.95
4.48967,0.1921,1.07504,61.97
4.4974,0.1922,1.07502,62.0
4.50511,0.1923,1.07499,62.03
4.51282,0.1924,1.07498,62.05
4.52053,0.1925,1.07495,62.08
4.52823,0.1926,1.07493,62.1
4.53592,0.1927,1.0749,62.13
4.54361,0.1928,1.07488,62.16
4.5513,0.1929,1.07486,62.18
4.55897,0.193,1.07483,62.21
4.56665,0.1931,1.07481,62.24
4.57431,0.1932,1.07478,62.26
4.58197,0.1933,1.07476,62.29
4.58963,0.1934,1.07474,62.31
4.59728,0.1935,1.07471,62.34
4.60492,0.1936,1.07469,62.37
4.61256,0.1937,1.07466,62.39
4.6202,0.1938,1.07464,62.42
4.62782,0.1939,1.07462,62.45
4.63545,0.194,1.07459,62.47
4.64306,0.1941,1.07457,62.5
4.65067,0.1942,1.07454,62.52
4.65828,0.1943,1.07452,62.55
4.66588,0.1944,1.0745,62.58
4.67348,0.1945,1.07447,62.6
4.68107,0.1946,1.07446,62.63
4.68865,0.1947,1.07443,62.65
4.69623,0.1948,1.07441,62.68
4.7038,0.1949,1.07438,62.71
4.71137,0.195,1.07436,62.73
4.71893,0.1951,1.07434,62.76
4.72649,0.1952,1.07431,62.79
4.73404,0.1953,1.07429,62.81
4.74159,0.1954,1.07426,62.84
4.74913,0.1955,1.07424,62.86
4.75666,0.1956,1.07422,62.89
4.76419,0.1957,1.07419,62.92
4.77172,0.1958,1.07417,62.94
4.77924,0.1959,1.07414,62.97
4.78675,0.196,1.07412,62.99
4.79426,0.1961,1.0741,63.02
4.80177,0.1962,1.07407,63.05
4.80926,0.1963,1.07405,63.07
4.81676,0.1964,1.07402,63.1
4.82424,0.1965,1.074,63.13
4.83173,0.1966,1.07398,63.15
4.8392,0.1967,1.07395,63.18
4.84667,0.1968,1.07394,63.2
4.85414,0.1969,1.07391,63.23
4.8616,0.197,1.07389,63.26
4.86906,0.1971,1.07386,63.28
4.87651,0.1972,1.07384,63.31
4.88395,0.1973,1.07382,63.33
4.89139,0.1974,1.07379,63.36
4.89883,0.1975,1.07377,63.39
4.90626,0.1976,1.07374,63.41
4.91368,0.1977,1.07372,63.44
4.9211,0.1978,1.0737,63.47
4.92851,0.1979,1.07367,63.49
4.93592,0.198,1.07365,63.52
4.94332,0.1981,1.07362,63.54
4.95072,0.1982,1.0736,63.57
4.95812,0.1983,1.07358,63.6
4.9655,0.1984,1.07355,63.62
4.97289,0.1985,1.07353,63.65
4.98026,0.1986,1.0735,63.67
4.98763,0.1987,1.07348,63.7
4.995,0.1988,1.07346,63.73
5.00236,0.1989,1.07343,63.75
5.00972,0.199,1.07342,63.78
5.01707,0.1991,1.07339,63.8
5.02442,0.1992,1.07337,63.83
5.03176,0.1993,1.07334,63.86
5.03909,0.1994,1.07332,63.88
5.04642,0.1995,1.0733,63.91
5.05375,0.1996,1.07327,63.94
5.06107,0.1997,1.07325,63.96
5.06839,0.1998,1.07322,63.99
5.0757,0.1999,1.0732,64.01
5.083,0.2,1.07318,64.04
5.09028,0.2001,1.07315,64.07
5.09755,0.2002,1.07312,64.09
5.10482,0.2003,1.0731,64.12
5.11208,0.2004,1.07307,64.14
5.11934,0.2005,1.07304,64.17
5.1266,0.2006,1.07302,64.2
5.13384,0.2007,1.07299,64.22
5.14109,0.2008,1.07296,64.25
5.14832,0.2009,1.07294,64.27
5.15556,0.201,1.07291,64.3
5.16279,0.2011,1.07288,64.33
5.17001,0.2012,1.07286,64.35
5.17723,0.2013,1.07283,64.38
5.18444,0.2014,1.0728,64.4
5.19165,0.2015,1.07278,64.43
5.19885,0.2016,1.07274,64.46
5.20605,0.2017,1.07272,64.48
5.21324,0.2018,1.0727,64.51
5.22043,0.2019,1.07266,64.53
5.22761,0.202,1.07264,64.56
5.23479,0.2021,1.07262,64.59
5.24196,0.2022,1.07258,64.61
5.24913,0.2023,1.07256,64.64
5.25629,0.2024,1.07254,64.66
5.26345,0.2025,1.0725,64.69
5.2706,0.2026,1.07248,64.72
5.27775,0.2027,1.07246,64.74
5.28489,0.2028,1.07242,64.77
5.29203,0.2029,1.0724,64.79
5.29917,0.203,1.07238,64.82
5.30629,0.2031,1.07234,64.85
5.31342,0.2032,1.07232,64.87
5.32054,0.2033,1.0723,64.9
5.32765,0.2034,1.07226,64.92
5.33476,0.2035,1.07224,64.95
5.34186,0.2036,1.07222,64.98
5.34896,0.2037,1.07218,65.0
5.35606,0.2038,1.07216,65.03
5.36315,0.2039,1.07214,65.05
5.37023,0.204,1.0721,65.08
5.37731,0.2041,1.07208,65.11
5.38438,0.2042,1.07206,65.13
5.39145,0.2043,1.07202,65.16
5.39852,0.2044,1.072,65.18
5.40558,0.2045,1.07197,65.21
5.41264,0.2046,1.07194,65.24
5.41969,0.2047,1.07192,65.26
5.42673,0.2048,1.07189,65.29
5.43377,0.2049,1.07186,65.31
5.44081,0.205,1.07184,65.34
5.44784,0.2051,1.07181,65.37
5.45487,0.2052,1.07178,65.39
5.46189,0.2053,1.07176,65.42
5.46891,0.2054,1.07173,65.44
5.47592,0.2055,1.0717,65.47
5.48293,0.2056,1.07168,65.5
5.48993,0.2057,1.07165,65.52
5.49693,0.2058,1.07162,65.55
5.50392,0.2059,1.0716,65.57
5.51091,0.206,1.07157,65.6
5.51789,0.2061,1.07154,65.63
5.52487,0.2062,1.07152,65.65
5.53185,0.2063,1.07149,65.68
5.53882,0.2064,1.07146,65.7
5.54578,0.2065,1.07144,65.73
5.55274,0.2066,1.07141,65.76
5.5597,0.2067,1.07138,65.78
5.56665,0.2068,1.07136,65.81
5.57359,0.2069,1.07133,65.83
5.58053,0.207,1.0713,65.86
5.58747,0.2071,1.07128,65.89
5.5944,0.2072,1.07125,65.91
5.60133,0.2073,1.07122,65.94
5.60825,0.2074,1.07119,65.96
5.61517,0.2075,1.07117,65.99
5.62208,0.2076,1.07114,66.01
5.62899,0.2077,1.07111,66.04
5.6359,0.2078,1.07109,66.07
5.6428,0.2079,1.07106,66.09
5.64969,0.208,1.07103,66.12
5.65658,0.2081,1.07101,66.14
5.66347,0.2082,1.07098,66.17
5.67035,0.2083,1.07095,66.2
5.67722,0.2084,1.07093,66.22
5.68409,0.2085,1.0709,66.25
5.69096,0.2086,1.07087,66.27
5.69782,0.2087,1.07085,66.3
5.70468,0.2088,1.07082,66.33
5.71153,0.2089,1.07079,66.35
5.71838,0.209,1.07077,66.38
5.72523,0.2091,1.07074,66.4
5.73207,0.2092,1.07071,66.43
5.7389,0.2093,1.07069,66.45
5.74573,0.2094,1.07066,66.48
5.75256,0.2095,1.07063,66.51
5.75938,0.2096,1.07061,66.53
5.76619,0.2097,1.07058,66.56
5.77301,0.2098,1.07055,66.58
5.77981,0.2099,1.07053,66.61
5.78662,0.21,1.0705,66.64
5.79342,0.2101,1.07047,66.66
5.80021,0.2102,1.07045,66.69
5.807,0.2103,1.07042,66.71
5.81378,0.2104,1.07039,66.74
5.82056,0.2105,1.07037,66.77
5.82734,0.2106,1.07034,66.79
5.83411,0.2107,1.07031,66.82
5.84088,0.2108,1.07029,66.84
5.84764,0.2109,1.07026,66.87
5.8544,0.211,1.07023,66.89
5.86115,0.2111,1.07021,66.92
5.8679,0.2112,1.07018,66.95
5.87465,0.2113,1.07015,66.97
5.88139,0.2114,1.07013,67.0
5.88812,0.2115,1.0701,67.02
5.89485,0.2116,1.07007,67.05
5.90158,0.2117,1.07005,67.08
5.9083,0.2118,1.07002,67.1
5.91502,0.2119,1.06999,67.13
5.92173,0.212,1.06997,67.15
5.92844,0.2121,1.06994,67.18
5.93515,0.2122,1.06991,67.2
5.94185,0.2123,1.06989,67.23
5.94854,0.2124,1.06986,67.26
5.95523,0.2125,1.06983,67.28
5.96192,0.2126,1.06981,67.31
5.9686,0.2127,1.06978,67.33
5.97528,0.2128,1.06975,67.36
5.98195,0.2129,1.06972,67.38
5.98862,0.213,1.0697,67.41
5.99529,0.2131,1.06967,67.44
6.00195,0.2132,1.06964,67.46
6.0086,0.2133,1.06962,67.49
6.01526,0.2134,1.06959,67.51
6.0219,0.2135,1.06956,67.54
6.02855,0.2136,1.06954,67.57
6.03518,0.2137,1.06951,67.59
6.04182,0.2138,1.06948,67.62
6.04845,0.2139,1.06946,67.64
6.05507,0.214,1.06943,67.67
6.0617,0.2141,1.0694,67.69
6.06831,0.2142,1.06938,67.72
6.07493,0.2143,1.06935,67.75
6.08153,0.2144,1.06932,67.77
6.08814,0.2145,1.0693,67.8
6.09474,0.2146,1.06927,67.82
6.10133,0.2147,1.06924,67.85
6.10793,0.2148,1.06922,67.87
6.11451,0.2149,1.06919,67.9
6.12109,0.215,1.06916,67.93
6.12767,0.2151,1.06914,67.95
6.13425,0.2152,1.06911,67.98
6.14082,0.2153,1.06908,68.0
6.14738,0.2154,1.06906,68.03
6.15394,0.2155,1.06903,68.05
6.1605,0.2156,1.069,68.08
6.16705,0.2157,1.06898,68.11
6.1736,0.2158,1.06894,68.13
6.18015,0.2159,1.06892,68.16
6.18669,0.216,1.0689,68.18
6.19322,0.2161,1.06886,68.21
6.19975,0.2162,1.06884,68.23
6.20628,0.2163,1.06882,68.26
6.2128,0.2164,1.06878,68.29
6.21932,0.2165,1.06876,68.31
6.22584,0.2166,1.06874,68.34
6.23235,0.2167,1.0687,68.36
6.23885,0.2168,1.06868,68.39
6.24536,0.2169,1.06866,68.41
6.25185,0.217,1.06862,68.44
6.25835,0.2171,1.0686,68.47
6.26484,0.2172,1.06858,68.49
6.27132,0.2173,1.06854,68.52
6.2778,0.2174,1.06852,68.54
6.28428,0.2175,1.0685,68.57
6.29075,0.2176,1.06846,68.59
6.29722,0.2177,1.06844,68.62
6.30369,0.2178,1.06842,68.65
6.31015,0.2179,1.06838,68.67
6.3166,0.218,1.06836,68.7
6.32305,0.2181,1.06834,68.72
6.3295,0.2182,1.0683,68.75
6.33595,0.2183,1.06828,68.77
6.34239,0.2184,1.06826,68.8
6.34882,0.2185,1.06822,68.83
6.35525,0.2186,1.0682,68.85
6.36168,0.2187,1.06817,68.88
6.3681,0.2188,1.06814,68.9
6.37452,0.2189,1.06812,68.93
6.38094,0.219,1.06809,68.95
6.38735,0.2191,1.06806,68.98
6.39375,0.2192,1.06804,69.01
6.40016,0.2193,1.06801,69.03
6.40655,0.2194,1.06798,69.06
6.41295,0.2195,1.06796,69.08
6.41934,0.2196,1.06793,69.11
6.42573,0.2197,1.0679,69.13
6.43211,0.2198,1.06788,69.16
6.43849,0.2199,1.06785,69.18
6.44486,0.22,1.06782,69.21
6.45123,0.2201,1.0678,69.24
6.4576,0.2202,1.06777,69.26
6.46396,0.2203,1.06774,69.29
6.47032,0.2204,1.06772,69.31
6.47667,0.2205,1.06769,69.34
6.48302,0.2206,1.06766,69.36
6.48937,0.2207,1.06764,69.39
6.49571,0.2208,1.06761,69.42
6.50205,0.2209,1.06758,69.44
6.50838,0.221,1.06756,69.47
6.51471,0.2211,1.06753,69.49
6.52103,0.2212,1.0675,69.52
6.52736,0.2213,1.06748,69.54
6.53367,0.2214,1.06745,69.57
6.53999,0.2215,1.06742,69.59
6.5463,0.2216,1.06739,69.62
6.5526,0.2217,1.06737,69.65
6.55891,0.2218,1.06734,69.67
6.5652,0.2219,1.06731,69.7
6.5715,0.222,1.06729,69.72
6.57779,0.2221,1.06726,69.75
6.58407,0.2222,1.06723,69.77
6.59035,0.2223,1.06721,69.8
6.59663,0.2224,1.06718,69.83
6.60291,0.2225,1.06715,69.85
6.60918,0.2226,1.06713,69.88
6.61544,0.2227,1.0671,69.9
6.62171,0.2228,1.06707,69.93
6.62796,0.2229,1.06705,69.95
6.63422,0.223,1.06702,69.98
6.64047,0.2231,1.06699,70.0
6.64671,0.2232,1.06697,70.03
6.65296,0.2233,1.06694,70.06
6.6592,0.2234,1.06691,70.08
6.66543,0.2235,1.06689,70.11
6.67166,0.2236,1.06686,70.13
6.67789,0.2237,1.06683,70.16
6.68411,0.2238,1.06681,70.18
6.69033,0.2239,1.06678,70.21
6.69655,0.224,1.06675,70.23
6.70276,0.2241,1.06673,70.26
6.70896,0.2242,1.0667,70.29
6.71517,0.2243,1.06667,70.31
6.72137,0.2244,1.06665,70.34
6.72756,0.2245,1.06662,70.36
6.73376,0.2246,1.06659,70.39
6.73994,0.2247,1.06657,70.41
6.74613,0.2248,1.06654,70.44
6.75231,0.2249,1.06651,70.46
6.75849,0.225,1.06649,70.49
6.76466,0.2251,1.06646,70.52
6.77083,0.2252,1.06643,70.54
6.77699,0.2253,1.06641,70.57
6.78315,0.2254,1.06638,70.59
6.78931,0.2255,1.06635,70.62
6.79547,0.2256,1.06633,70.64
6.80161,0.2257,1.0663,70.67
6.80776,0.2258,1.06627,70.69
6.8139,0.2259,1.06625,70.72
6.82004,0.226,1.06622,70.74
6.82618,0.2261,1.06619,70.77
6.83231,0.2262,1.06617,70.8
6.83843,0.2263,1.06614,70.82
6.84456,0.2264,1.06611,70.85
6.85068,0.2265,1.06609,70.87
6.85679,0.2266,1.06606,70.9
6.8629,0.2267,1.06603,70.92
6.86901,0.2268,1.06601,70.95
6.87512,0.2269,1.06598,70.97
6.88122,0.227,1.06595,71.0
6.88731,0.2271,1.06593,71.03
6.89341,0.2272,1.0659,71.05
6.8995,0.2273,1.06587,71.08
6.90558,0.2274,1.06584,71.1
6.91166,0.2275,1.06582,71.13
6.91774,0.2276,1.06579,71.15
6.92382,0.2277,1.06576,71.18
6.92989,0.2278,1.06574,71.2
6.93595,0.2279,1.06571,71.23
6.94202,0.228,1.06568,71.25
6.94807,0.2281,1.06566,71.28
6.95413,0.2282,1.06563,71.31
6.96018,0.2283,1.0656,71.33
6.96623,0.2284,1.06558,71.36
6.97227,0.2285,1.06555,71.38
6.97832,0.2286,1.06552,71.41
6.98435,0.2287,1.0655,71.43
6.99039,0.2288,1.06547,71.46
6.99642,0.2289,1.06544,71.48
7.00244,0.229,1.06542,71.51
7.00846,0.2291,1.06539,71.54
7.01448,0.2292,1.06536,71.56
7.0205,0.2293,1.06534,71.59
7.02651,0.2294,1.06531,71.61
7.03252,0.2295,1.06528,71.64
7.03852,0.2296,1.06526,71.66
7.04452,0.2297,1.06523,71.69
7.05052,0.2298,1.0652,71.71
7.05651,0.2299,1.06518,71.74
7.0625,0.23,1.06515,71.76
7.06849,0.2301,1.06512,71.79
7.07447,0.2302,1.0651,71.81
7.08045,0.2303,1.06506,71.84
7.08642,0.2304,1.06504,71.87
7.09239,0.2305,1.06502,71.89
7.09836,0.2306,1.06498,71.92
7.10432,0.2307,1.06496,71.94
7.11028,0.2308,1.06494,71.97
7.11624,0.2309,1.0649,71.99
7.12219,0.231,1.06488,72.02
7.12814,0.2311,1.06486,72.04
7.13409,0.2312,1.06482,72.07
7.14003,0.2313,1.0648,72.09
7.14597,0.2314,1.06478,72.12
7.1519,0.2315,1.06474,72.15
7.15784,0.2316,1.06472,72.17
7.16376,0.2317,1.0647,72.2
7.16969,0.2318,1.06466,72.22
7.17561,0.2319,1.06464,72.25
7.18153,0.232,1.06462,72.27
7.18744,0.2321,1.06458,72.3
7.19335,0.2322,1.06456,72.32
7.19926,0.2323,1.06454,72.35
7.20516,0.2324,1.0645,72.37
7.21106,0.2325,1.06448,72.4
7.21695,0.2326,1.06446,72.42
7.22285,0.2327,1.06442,72.45
7.22873,0.2328,1.0644,72.48
7.23462,0.2329,1.06437,72.5
7.2405,0.233,1.06434,72.53
7.24638,0.2331,1.06432,72.55
7.25225,0.2332,1.06429,72.58
7.25812,0.2333,1.06426,72.6
7.26399,0.2334,1.06424,72.63
7.26986,0.2335,1.06421,72.65
7.27572,0.2336,1.06418,72.68
7.28157,0.2337,1.06416,72.7
7.28743,0.2338,1.06413,72.73
7.29328,0.2339,1.0641,72.75
7.29912,0.234,1.06408,72.78
7.30496,0.2341,1.06405,72.81
7.3108,0.2342,1.06402,72.83
7.31664,0.2343,1.064,72.86
7.32247,0.2344,1.06397,72.88
7.3283,0.2345,1.06394,72.91
7.33413,0.2346,1.06392,72.93
7.33995,0.2347,1.06389,72.96
7.34577,0.2348,1.06386,72.98
7.35158,0.2349,1.06384,73.01
7.35739,0.235,1.06381,73.03
7.3632,0.2351,1.06378,73.06
7.36901,0.2352,1.06376,73.08
7.37481,0.2353,1.06373,73.11
7.3806,0.2354,1.0637,73.13
7.3864,0.2355,1.06368,73.16
7.39219,0.2356,1.06365,73.19
7.39798,0.2357,1.06362,73.21
7.40376,0.2358,1.06359,73.24
7.40954,0.2359,1.06357,73.26
7.41532,0.236,1.06354,73.29
7.42109,0.2361,1.06351,73.31
7.42686,0.2362,1.06349,73.34
7.43263,0.2363,1.06346,73.36
7.43839,0.2364,1.06343,73.39
7.44415,0.2365,1.06341,73.41
7.44991,0.2366,1.06338,73.44
7.45566,0.2367,1.06335,73.46
7.46141,0.2368,1.06333,73.49
7.46716,0.2369,1.0633,73.51
7.4729,0.237,1.06327,73.54
7.47864,0.2371,1.06325,73.57
7.48438,0.2372,1.06322,73.59
7.49011,0.2373,1.06319,73.62
7.49584,0.2374,1.06317,73.64
7.50156,0.2375,1.06314,73.67
7.50729,0.2376,1.06311,73.69
7.51301,0.2377,1.06309,73.72
7.51872,0.2378,1.06306,73.74
7.52443,0.2379,1.06303,73.77
7.53014,0.238,1.06301,73.79
7.53585,0.2381,1.06298,73.82
7.54155,0.2382,1.06295,73.84
7.54725,0.2383,1.06293,73.87
7.55294,0.2384,1.0629,73.89
7.55864,0.2385,1.06287,73.92
7.56433,0.2386,1.06285,73.94
7.57001,0.2387,1.06282,73.97
7.57569,0.2388,1.06279,73.99
7.58137,0.2389,1.06277,74.02
7.58705,0.239,1.06274,74.05
7.59272,0.2391,1.06271,74.07
7.59839,0.2392,1.06269,74.1
7.60406,0.2393,1.06266,74.12
7.60972,0.2394,1.06263,74.15
7.61538,0.2395,1.06261,74.17
7.62103,0.2396,1.06258,74.2
7.62668,0.2397,1.06255,74.22
7.63233,0.2398,1.06253,74.25
7.63798,0.2399,1.0625,74.27
7.64362,0.24,1.06247,74.3
7.64926,0.2401,1.06245,74.32
7.6549,0.2402,1.06242,74.35
7.66053,0.2403,1.06239,74.37
7.66616,0.2404,1.06237,74.4
7.67178,0.2405,1.06234,74.42
7.67741,0.2406,1.06231,74.45
7.68303,0.2407,1.06229,74.47
7.68864,0.2408,1.06226,74.5
7.69426,0.2409,1.06223,74.53
7.69987,0.241,1.06221,74.55
7.70547,0.2411,1.06218,74.58
7.71107,0.2412,1.06215,74.6
7.71667,0.2413,1.06213,74.63
7.72227,0.2414,1.0621,74.65
7.72786,0.2415,1.06207,74.68
7.73345,0.2416,1.06204,74.7
7.73904,0.2417,1.06202,74.73
7.74463,0.2418,1.06199,74.75
7.75021,0.2419,1.06196,74.78
7.75578,0.242,1.06194,74.8
7.76136,0.2421,1.06191,74.83
7.76693,0.2422,1.06188,74.85
7.7725,0.2423,1.06186,74.88
7.77806,0.2424,1.06183,74.9
7.78362,0.2425,1.0618,74.93
7.78918,0.2426,1.06178,74.95
7.79473,0.2427,1.06175,74.98
7.80028,0.2428,1.06172,75.0
7.80583,0.2429,1.0617,75.03
7.81138,0.243,1.06167,75.05
7.81692,0.2431,1.06164,75.08
7.82246,0.2432,1.06162,75.1
7.82799,0.2433,1.06159,75.13
7.83353,0.2434,1.06156,75.16
7.83905,0.2435,1.06154,75.18
7.84458,0.2436,1.06151,75.21
7.8501,0.2437,1.06148,75.23
7.85562,0.2438,1.06146,75.26
7.86114,0.2439,1.06143,75.28
7.86665,0.244,1.0614,75.31
7.87216,0.2441,1.06138,75.33
7.87767,0.2442,1.06135,75.36
7.88317,0.2443,1.06132,75.38
7.88867,0.2444,1.0613,75.41
7.89417,0.2445,1.06126,75.43
7.89966,0.2446,1.06124,75.46
7.90516,0.2447,1.06122,75.48
7.91064,0.2448,1.06118,75.51
7.91613,0.2449,1.06116,75.53
7.92161,0.245,1.06114,75.56
7.92709,0.2451,1.0611,75.58
7.93256,0.2452,1.06108,75.61
7.93804,0.2453,1.06106,75.63
7.9435,0.2454,1.06102,75.66
7.94897,0.2455,1.061,75.68
7.95443,0.2456,1.06098,75.71
7.95989,0.2457,1.06094,75.73
7.96535,0.2458,1.06092,75.76
7.9708,0.2459,1.0609,75.78
7.97625,0.246,1.06086,75.81
7.9817,0.2461,1.06084,75.83
7.98714,0.2462,1.06082,75.86
7.99259,0.2463,1.06078,75.88
7.99802,0.2464,1.06076,75.91
8.00346,0.2465,1.06074,75.94
8.00889,0.2466,1.0607,75.96
8.01432,0.2467,1.06068,75.99
8.01974,0.2468,1.06066,76.01
8.02517,0.2469,1.06062,76.04
8.03059,0.247,1.0606,76.06
8.036,0.2471,1.06058,76.09
8.04142,0.2472,1.06054,76.11
8.04683,0.2473,1.06052,76.14
8.05223,0.2474,1.06049,76.16
8.05764,0.2475,1.06046,76.19
8.06304,0.2476,1.06044,76.21
8.06844,0.2477,1.06041,76.24
8.07383,0.2478,1.06038,76.26
8.07922,0.2479,1.06036,76.29
8.08461,0.248,1.06033,76.31
8.09,0.2481,1.0603,76.34
8.09538,0.2482,1.06028,76.36
8.10076,0.2483,1.06025,76.39
8.10614,0.2484,1.06022,76.41
8.11151,0.2485,1.0602,76.44
8.11688,0.2486,1.06017,76.46
8.12225,0.2487,1.06014,76.49
8.12761,0.2488,1.06012,76.51
8.13297,0.2489,1.06009,76.54
8.13833,0.249,1.06006,76.56
8.14369,0.2491,1.06004,76.59
8.14904,0.2492,1.06001,76.61
8.15439,0.2493,1.05998,76.64
8.15974,0.2494,1.05996,76.66
8.16508,0.2495,1.05993,76.69
8.17042,0.2496,1.0599,76.71
8.17576,0.2497,1.05988,76.74
8.18109,0.2498,1.05985,76.76
8.18642,0.2499,1.05982,76.79
8.19175,0.25,1.0598,76.81
8.19708,0.2501,1.05977,76.84
8.2024,0.2502,1.05974,76.86
8.20772,0.2503,1.05971,76.89
8.21304,0.2504,1.05969,76.91
8.21835,0.2505,1.05966,76.94
8.22366,0.2506,1.05963,76.96
8.22897,0.2507,1.05961,76.99
8.23427,0.2508,1.05958,77.01
8.23957,0.2509,1.05955,77.04
8.24487,0.251,1.05953,77.06
8.25017,0.2511,1.0595,77.09
8.25546,0.2512,1.05947,77.11
8.26075,0.2513,1.05945,77.14
8.26604,0.2514,1.05942,77.16
8.27132,0.2515,1.05939,77.19
8.2766,0.2516,1.05937,77.21
8.28188,0.2517,1.05934,77.24
8.28715,0.2518,1.05931,77.26
8.29243,0.2519,1.05929,77.29
8.2977,0.252,1.05926,77.31
8.30296,0.2521,1.05923,77.34
8.30823,0.2522,1.05921,77.36
8.31349,0.2523,1.05918,77.39
8.31874,0.2524,1.05915,77.41
8.324,0.2525,1.05913,77.44
8.32925,0.2526,1.0591,77.46
8.3345,0.2527,1.05907,77.49
8.33974,0.2528,1.05905,77.51
8.34499,0.2529,1.05902,77.54
8.35023,0.253,1.05899,77.56
8.35546,0.2531,1.05897,77.59
8.3607,0.2532,1.05894,77.61
8.36593,0.2533,1.05891,77.64
8.37116,0.2534,1.05889,77.66
8.37638,0.2535,1.05886,77.69
8.3816,0.2536,1.05883,77.71
8.38682,0.2537,1.05881,77.74
8.39204,0.2538,1.05878,77.76
8.39725,0.2539,1.05875,77.79
8.40247,0.254,1.05873,77.81
8.40767,0.2541,1.0587,77.84
8.41288,0.2542,1.05867,77.86
8.41808,0.2543,1.05865,77.89
8.42328,0.2544,1.05862,77.91
8.42848,0.2545,1.05859,77.94
8.43367,0.2546,1.05857,77.96
8.43886,0.2547,1.05854,77.99
8.44405,0.2548,1.05851,78.01
8.44924,0.2549,1.05849,78.04
8.45442,0.255,1.05846,78.06
8.4596,0.2551,1.05843,78.09
8.46477,0.2552,1.05841,78.11
8.46995,0.2553,1.05838,78.14
8.47512,0.2554,1.05835,78.16
8.48029,0.2555,1.05833,78.19
8.48545,0.2556,1.0583,78.21
8.49061,0.2557,1.05827,78.24
8.49577,0.2558,1.05824,78.26
8.50093,0.2559,1.05822,78.29
8.50608,0.256,1.05819,78.31
8.51124,0.2561,1.05816,78.34
8.51638,0.2562,1.05814,78.36
8.52153,0.2563,1.05811,78.39
8.52667,0.2564,1.05808,78.41
8.53181,0.2565,1.05806,78.44
8.53695,0.2566,1.05803,78.46
8.54208,0.2567,1.058,78.49
8.54721,0.2568,1.05798,78.51
8.55234,0.2569,1.05795,78.54
8.55747,0.257,1.05792,78.56
8.56259,0.2571,1.0579,78.59
8.56771,0.2572,1.05787,78.61
8.57283,0.2573,1.05784,78.64
8.57794,0.2574,1.05782,78.66
8.58306,0.2575,1.05779,78.69
8.58816,0.2576,1.05776,78.71
8.59327,0.2577,1.05774,78.74
8.59837,0.2578,1.05771,78.76
8.60348,0.2579,1.05768,78.79
8.60857,0.258,1.05766,78.81
8.61367,0.2581,1.05763,78.84
8.61876,0.2582,1.0576,78.86
8.62385,0.2583,1.05758,78.89
8.62894,0.2584,1.05755,78.91
8.63402,0.2585,1.05752,78.94
8.6391,0.2586,1.0575,78.96
8.64418,0.2587,1.05746,78.99
8.64926,0.2588,1.05744,79.01
8.65433,0.2589,1.05742,79.04
8.6594,0.259,1.05738,79.06
8.66447,0.2591,1.05736,79.09
8.66953,0.2592,1.05734,79.11
8.67459,0.2593,1.0573,79.14
8.67965,0.2594,1.05728,79.16
8.68471,0.2595,1.05726,79.19
8.68976,0.2596,1.05722,79.21
8.69482,0.2597,1.0572,79.24
8.69986,0.2598,1.05718,79.26
8.70491,0.2599,1.05714,79.29
8.70995,0.26,1.05712,79.31
8.71499,0.2601,1.0571,79.34
8.72003,0.2602,1.05706,79.36
8.72506,0.2603,1.05704,79.39
8.7301,0.2604,1.05702,79.41
8.73513,0.2605,1.05698,79.44
8.74015,0.2606,1.05696,79.46
8.74518,0.2607,1.05694,79.49
8.7502,0.2608,1.0569,79.51
8.75522,0.2609,1.05688,79.54
8.76023,0.261,1.05686,79.56
8.76525,0.2611,1.05682,79.58
8.77026,0.2612,1.0568,79.61
8.77526,0.2613,1.05678,79.63
8.78027,0.2614,1.05674,79.66
8.78527,0.2615,1.05672,79.68
8.79027,0.2616,1.05669,79.71
8.79527,0.2617,1.05666,79.73
8.80026,0.2618,1.05664,79.76
8.80525,0.2619,1.05661,79.78
8.81024,0.262,1.05658,79.81
8.81523,0.2621,1.05656,79.83
8.82021,0.2622,1.05653,79.86
8.82519,0.2623,1.0565,79.88
8.83017,0.2624,1.05648,79.91
8.83515,0.2625,1.05645,79.93
8.84012,0.2626,1.05642,79.96
8.84509,0.2627,1.0564,79.98
8.85006,0.2628,1.05637,80.01
8.85502,0.2629,1.05634,80.03
8.85998,0.263,1.05632,80.06
8.86494,0.2631,1.05629,80.08
8.8699,0.2632,1.05626,80.11
8.87486,0.2633,1.05624,80.13
8.87981,0.2634,1.05621,80.16
8.88476,0.2635,1.05618,80.18
8.8897,0.2636,1.05616,80.21
8.89465,0.2637,1.05613,80.23
8.89959,0.2638,1.0561,80.26
8.90453,0.2639,1.05608,80.28
8.90946,0.264,1.05605,80.31
8.9144,0.2641,1.05602,80.33
8.91933,0.2642,1.056,80.36
8.92425,0.2643,1.05597,80.38
8.92918,0.2644,1.05594,80.4
8.9341,0.2645,1.05591,80.43
8.93902,0.2646,1.05589,80.45
8.94394,0.2647,1.05586,80.48
8.94886,0.2648,1.05583,80.5
8.95377,0.2649,1.05581,80.53
8.95868,0.265,1.05578,80.55
8.96358,0.2651,1.05575,80.58
8.96849,0.2652,1.05573,80.6
8.97339,0.2653,1.0557,80.63
8.97829,0.2654,1.05567,80.65
8.98319,0.2655,1.05565,80.68
8.98808,0.2656,1.05562,80.7
8.99297,0.2657,1.05559,80.73
8.99786,0.2658,1.05557,80.75
